[{
  "_id": {
    "$oid": "652308e8374080f474c59750"
  },
  "orderID": "order-202310915415981",
  "packageID": "pk06",
  "instructorID": "abdullahlimon",
  "orderDescription": "New Order",
  "orderCreatedDate": {
    "$date": "2023-10-08T19:54:16.761Z"
  },
  "orderUpdatedDate": {
    "$date": "2023-10-09T16:58:27.875Z"
  },
  "orderStatus": "unpaid",
  "orderPrice": 6200,
  "orderNumber": 2,
  "activeStatus": "active",
  "clientID": "rabeya23"
},
{
  "_id": {
    "$oid": "6524270157f3ab7e1cedec10"
  },
  "orderID": "order-202310991435412",
  "packageID": "pk05",
  "instructorID": "limon",
  "orderDescription": "New Order",
  "orderCreatedDate": {
    "$date": "2023-10-09T16:14:57.180Z"
  },
  "orderUpdatedDate": {
    "$date": "2023-10-09T16:14:57.180Z"
  },
  "orderStatus": "unpaid",
  "orderPrice": 3000,
  "orderNumber": 1,
  "activeStatus": "active",
  "clientID": "limon"
},
{
  "_id": {
    "$oid": "6524270757f3ab7e1cedec12"
  },
  "orderID": "order-202310991435411",
  "packageID": "pk08",
  "instructorID": "limon",
  "orderDescription": "New Order",
  "orderCreatedDate": {
    "$date": "2023-10-09T16:15:03.024Z"
  },
  "orderUpdatedDate": {
    "$date": "2023-10-09T16:55:46.987Z"
  },
  "orderStatus": "unpaid",
  "orderPrice": 3000,
  "orderNumber": 1,
  "activeStatus": "active",
  "clientID": "limon"
},
{
  "_id": {
    "$oid": "6524debf57f3ab7e1ceebdb7"
  },
  "orderID": "order-2023109221855437",
  "packageID": "pk09",
  "instructorID": "limon",
  "orderDescription": "New Order",
  "orderCreatedDate": {
    "$date": "2023-10-10T05:18:55.457Z"
  },
  "orderUpdatedDate": {
    "$date": "2023-10-11T16:08:54.239Z"
  },
  "orderStatus": "completed",
  "orderPrice": 3000012,
  "orderNumber": 1,
  "activeStatus": "active",
  "clientID": "rabeya23"
},
{
  "_id": {
    "$oid": "6526c9d9e387ec429c0e3360"
  },
  "orderID": "order-20231011914179",
  "packageID": "pk333",
  "instructorID": "limon",
  "orderDescription": "This is the order",
  "orderCreatedDate": {
    "$date": "2023-10-11T16:14:17.033Z"
  },
  "orderUpdatedDate": {
    "$date": "2023-10-11T16:14:17.033Z"
  },
  "orderStatus": "unpaid",
  "orderPrice": 3000,
  "orderNumber": 1,
  "activeStatus": "active",
  "clientID": "rabeya23"
},
{
  "_id": {
    "$oid": "6526e09ce387ec429c0e3ed0"
  },
  "orderID": "order-2023101123518161",
  "packageID": "pk06",
  "instructorID": "limon",
  "orderDescription": "New Order",
  "orderCreatedDate": {
    "$date": "2023-10-11T17:51:24.365Z"
  },
  "orderUpdatedDate": {
    "$date": "2023-10-11T17:51:24.365Z"
  },
  "orderStatus": "unpaid",
  "orderPrice": 3000,
  "orderNumber": 1,
  "activeStatus": "active",
  "clientID": "limon"
},
{
  "_id": {
    "$oid": "652700eddc75ad499fc1f547"
  },
  "orderID": "order-2023101113917618",
  "packageID": "pk333",
  "instructorID": "abdullahlimon",
  "orderDescription": "New Order",
  "orderCreatedDate": {
    "$date": "2023-10-11T20:09:17.638Z"
  },
  "orderUpdatedDate": {
    "$date": "2023-10-11T20:10:47.026Z"
  },
  "orderStatus": "completed",
  "orderPrice": 5200,
  "orderNumber": 2,
  "activeStatus": "active",
  "clientID": "abdullahlimon"
},
{
  "_id": {
    "$oid": "65270b37ac4aa67dab503d61"
  },
  "orderID": "order-2023101225146876",
  "packageID": "pk05",
  "instructorID": "limon",
  "orderDescription": "New Order",
  "orderCreatedDate": {
    "$date": "2023-10-11T20:53:11.288Z"
  },
  "orderUpdatedDate": {
    "$date": "2023-10-11T20:53:11.288Z"
  },
  "orderStatus": "unpaid",
  "orderPrice": 3000,
  "orderNumber": 1,
  "activeStatus": "active",
  "clientID": "limon"
},
{
  "_id": {
    "$oid": "65270f60ac4aa67dab503df9"
  },
  "orderID": "order-2023101231039822",
  "packageID": "pk07",
  "instructorID": "limon",
  "orderDescription": "New Order",
  "orderCreatedDate": {
    "$date": "2023-10-11T21:10:56.072Z"
  },
  "orderUpdatedDate": {
    "$date": "2023-10-12T06:56:25.635Z"
  },
  "orderStatus": "completed",
  "orderPrice": 3000,
  "orderNumber": 1,
  "activeStatus": "active",
  "clientID": "limon"
}]