[{
  "_id": {
    "$oid": "64b25df84905dce1fe3b0d47"
  },
  "postId": "344",
  "postImageLink": "/images/demo1.jpg",
  "postTitle": {
    "en": "This is title 2"
  },
  "postDescription": {
    "en": "This is titleThis is titleThis is titleThis is titleThis is titleThis.This is titleThis is titleThis is titleThis is titleThis is titleThis is titleThis is titleThis is titleThis is titleThis is titleThis is titleThis is titleThis is titleThis is titleThis is titleThis is titleThis is titleThis is titleThis is titleThis is titleThis is titleThis is titleThis is titleThis is titleThis is titleThis is titleThis is titleThis is titleThis is titleThis is titleThis is titleThis is titleThis is titleThis is titleThis is titleThis is titleThis is titleThis is titleThis is titleThis is titleThis is titleThis is titleThis is titleThis is titleThis is titleThis is titleThis is titleThis is titleThis is titleThis is titleThis is titleThis is titleThis is titleThis is titleThis is titleThis is titleThis is titleThis is titleThis is titleThis is titleThis is titleThis is titleThis is titleThis is titleThis is titleThis is titleThis is titleThis is titleThis is titleThis is titleThis is titleThis is titleThis is titleThis is titleThis is titleThis is titleThis is titleThis is titleThis is titleThis is titleThis is titleThis is titleThis is titleThis is titleThis is titleThis is titleThis is titleThis is titleThis is titleThis is titleThis is titleThis is titleThis is titleThis is titleThis is titleThis is titleThis is titleThis is titleThis is titleThis is titleThis is titleThis is titleThis is titleThis is titleThis is titleThis is titleThis is titleThis is titleThis is titleThis is titleThis is titleThis is titleThis is titleThis is titleThis is titleThis is titleThis is titleThis is titleThis is titleThis is titleThis is titleThis is titleThis is titleThis is titleThis is titleThis is titleThis is titleThis is titleThis is titleThis is titleThis is titleThis is titleThis is titleThis is titleThis is titleThis is titleThis is titleThis is titleThis is titleThis is titleThis is titleThis is titleThis is titleThis is titleThis is titleThis is titleThis is titleThis is titleThis is titleThis is titleThis is titleThis is titleThis is titleThis is titleThis is titleThis is titleThis is titleThis is titleThis is titleThis is titleThis is titleThis is titleThis is titleThis is titleThis is titleThis is titleThis is titleThis is titleThis is titleThis is titleThis is titleThis is titleThis is titleThis is titleThis is titleThis is titleThis is titleThis is titleThis is titleThis is titleThis is titleThis is titleThis is titleThis is titleThis is titleThis is titleThis is titleThis is titleThis is titleThis is titleThis is titleThis is titleThis is titleThis is titleThis is titleThis is titleThis is titleThis is titleThis is titleThis is titleThis is titleThis is titleThis is titleThis is titleThis is titleThis is titleThis is titleThis is titleThis is titleThis is titleThis is titleThis is titleThis is titleThis is titleThis is titleThis is titleThis is titleThis is titleThis is titleThis is titleThis is titleThis is titleThis is titleThis is titleThis is titleThis is titleThis is titleThis is titleThis is titleThis is titleThis is titleThis is titleThis is titleThis is titleThis is titleThis is titleThis is titleThis is titleThis is titleThis is titleThis is titleThis is titleThis is titleThis is titleThis is titleThis is titleThis is titleThis is titleThis is titleThis is titleThis is titleThis is titleThis is titleThis is titleThis is titleThis is titleThis is titleThis is titleThis is titleThis is titleThis is titleThis is titleThis is titleThis is titleThis is titleThis is titleThis is titleThis is titleThis is titleThis is titleThis is titleThis is titleThis is titleThis is titleThis is titleThis is titleThis is titleThis is titleThis is titleThis is titleThis is titleThis is titleThis is titleThis is titleThis is titleThis is titleThis is titleThis is titleThis is titleThis is titleThis is titleThis is titleThis is titleThis is titleThis is titleThis is titleThis is titleThis is titleThis is titleThis is titleThis is titleThis is titleThis is titleThis is titleThis is titleThis is titleThis is titleThis is titleThis is titleThis is titleThis is titleThis is titleThis is titleThis is titleThis is titleThis is titleThis is titleThis is titleThis is titleThis is titleThis is titleThis is titleThis is titleThis is titleThis is titleThis is titleThis is titleThis is titleThis is titleThis is titleThis is titleThis is titleThis is titleThis is titleThis is titleThis is titleThis is titleThis is titleThis is titleThis is titleThis is titleThis is titleThis is titleThis is titleThis is titleThis is titleThis is titleThis is titleThis is titleThis is titleThis is titleThis is titleThis is titleThis is titleThis is titleThis is titleThis is titleThis is titleThis is titleThis is titleThis is titleThis is titleThis is titleThis is titleThis is titleThis is titleThis is titleThis is titleThis is titleThis is titleThis is titleThis is titleThis is titleThis is titleThis is titleThis is titleThis is titleThis is titleThis is titleThis is titleThis is titleThis is titleThis is titleThis is titleThis is titleThis is titleThis is titleThis is titleThis is titleThis is titleThis is titleThis is titleThis is titleThis is titleThis is titleThis is titleThis is titleThis is titleThis is titleThis is titleThis is titleThis is titleThis is titleThis is titleThis is titleThis is titleThis is titleThis is titleThis is titleThis is titleThis is titleThis is titleThis is titleThis is titleThis is titleThis is titleThis is titleThis is titleThis is titleThis is titleThis is titleThis is titleThis is titleThis is titleThis is titleThis is titleThis is titleThis is titleThis is titleThis is titleThis is titleThis is titleThis is titleThis is titleThis is titleThis is titleThis is titleThis is titleThis is titleThis is titleThis is titleThis is titleThis is titleThis is titleThis is titleThis is titleThis is titleThis is titleThis is titleThis is titleThis is titleThis is titleThis is titleThis is titleThis is titleThis is titleThis is titleThis is titleThis is titleThis is titleThis is titleThis is titleThis is titleThis is titleThis is titleThis is titleThis is titleThis is titleThis is titleThis is titleThis is titleThis is titleThis is titleThis is titleThis is titleThis is titleThis is titleThis is titleThis is titleThis is titleThis is titleThis is titleThis is titleThis is titleThis is titleThis is titleThis is titleThis is titleThis is titleThis is titleThis is titleThis is titleThis is titleThis is titleThis is titleThis is titleThis is titleThis is titleThis is titleThis is titleThis is titleThis is titleThis is titleThis is titleThis is titleThis is titleThis is titleThis is titleThis is titleThis is titleThis is titleThis is titleThis is titleThis is titleThis is titleThis is titleThis is titleThis is titleThis is titleThis is titleThis is titleThis is titleThis is titleThis is titleThis is titleThis is titleThis is titleThis is titleThis is titleThis is titleThis is titleThis is titleThis is titleThis is titleThis is titleThis is titleThis is titleThis is titleThis is titleThis is titleThis is titleThis is titleThis is titleThis is titleThis is titleThis is titleThis is titleThis is titleThis is titleThis is titleThis is titleThis is titleThis is titleThis is titleThis is titleThis is titleThis is titleThis is titleThis is titleThis is titleThis is titleThis is titleThis is titleThis is titleThis is titleThis is titleThis is titleThis is titleThis is titleThis is titleThis is titleThis is titleThis is titleThis is titleThis is titleThis is titleThis is titleThis is titleThis is titleThis is titleThis is titleThis is titleThis is titleThis is titleThis is titleThis is titleThis is titleThis is titleThis is titleThis is titleThis is titleThis is titleThis is titleThis is titleThis is titleThis is titleThis is titleThis is titleThis is titleThis is titleThis is titleThis is titleThis is titleThis is titleThis is titleThis is titleThis is titleThis is titleThis is titleThis is titleThis is titleThis is titleThis is titleThis is titleThis is titleThis is titleThis is titleThis is titleThis is titleThis is titleThis is titleThis is titleThis is titleThis is titleThis is titleThis is titleThis is titleThis is titleThis is titleThis is titleThis is titleThis is titleThis is titleThis is titleThis is titleThis is titleThis is titleThis is titleThis is titleThis is titleThis is titleThis is titleThis is titleThis is titleThis is titleThis is titleThis is titleThis is titleThis is titleThis is titleThis is titleThis is titleThis is titleThis is titleThis is titleThis is titleThis is titleThis is titleThis is titleThis is titleThis is titleThis is titleThis is titleThis is titleThis is titleThis is titleThis is titleThis is titleThis is titleThis is titleThis is titleThis is titleThis is titleThis is titleThis is titleThis is titleThis is titleThis is titleThis is titleThis is titleThis is titleThis is titleThis is titleThis is titleThis is titleThis is titleThis is titleThis is titleThis is titleThis is titleThis is titleThis is titleThis is titleThis is titleThis is titleThis is titleThis is titleThis is titleThis is titleThis is titleThis is titleThis is titleThis is titleThis is titleThis is titleThis is titleThis is titleThis is titleThis is titleThis is titleThis is titleThis is titleThis is titleThis is titleThis is titleThis is titleThis is titleThis is titleThis is titleThis is titleThis is titleThis is titleThis is titleThis is titleThis is titleThis is titleThis is titleThis is titleThis is titleThis is titleThis is titleThis is titleThis is titleThis is titleThis is titleThis is titleThis is title is titleThis is titleThis is titleThis is titleThis is titleThis is title"
  },
  "postCategory": {
    "en": "ff"
  },
  "postCreatedDate": {
    "$date": "2023-07-15T08:51:04.071Z"
  },
  "postUpdatedDate": {
    "$date": "2023-09-06T09:38:59.941Z"
  },
  "postPopularity": {
    "en": "new"
  },
  "postUser": "This is title 2",
  "activeStatus": "active"
},
{
  "_id": {
    "$oid": "64eff7312c543677ac14e7be"
  },
  "postId": "hfdshfdsh",
  "postImageLink": "/images/demo3.jpg",
  "postTitle": {
    "en": "fhfhf"
  },
  "postDescription": {
    "en": "dfshsdf"
  },
  "postCategory": {
    "en": "hsfds"
  },
  "postCreatedDate": {
    "$date": "2023-08-31T02:13:05.260Z"
  },
  "postUpdatedDate": {
    "$date": "2023-09-06T09:39:11.385Z"
  },
  "postPopularity": {
    "en": "new"
  },
  "postUser": "fhfd",
  "activeStatus": "active"
},
{
  "_id": {
    "$oid": "64f83f4b8c4b085560206dcb"
  },
  "postId": "post05",
  "postImageLink": "/images/demo1.jpg",
  "postTitle": {
    "en": "Something"
  },
  "postDescription": {
    "en": "Something"
  },
  "postCategory": {
    "en": "sdfdg"
  },
  "postCreatedDate": {
    "$date": "2023-09-06T08:58:51.346Z"
  },
  "postUpdatedDate": {
    "$date": "2023-09-20T05:32:42.433Z"
  },
  "postPopularity": {
    "en": "featured"
  },
  "postUser": "limon",
  "activeStatus": "active"
},
{
  "_id": {
    "$oid": "64fc628234dc627af86b875b"
  },
  "postId": "fdgdg",
  "postImageLink": "/images/demo2.jpg",
  "postTitle": {
    "en": "fghfh"
  },
  "postDescription": {
    "en": "dgsdg"
  },
  "postCategory": {
    "en": "sdfdg"
  },
  "postCreatedDate": {
    "$date": "2023-09-09T12:18:10.591Z"
  },
  "postUpdatedDate": {
    "$date": "2023-09-09T23:59:56.587Z"
  },
  "postPopularity": {
    "en": "featured"
  },
  "postUser": "fdhdfh",
  "activeStatus": "active"
}]