[{
  "_id": {
    "$oid": "652014d9cb3217d04339f9af"
  },
  "text": "hello",
  "attachment": "",
  "sender": "limon",
  "senderRole": "instructor",
  "receiver": "abdullahlimon",
  "receiverRole": "client",
  "conversationID": "abdullahlimonlimon",
  "messageCreatedAT": {
    "$date": "2023-10-06T14:08:25.294Z"
  },
  "messageUpdateAT": {
    "$date": "2023-10-06T14:08:25.294Z"
  },
  "sendedpackageID": "",
  "acceptedPackage": false,
  "rejectedPackage": true,
  "quantityPackage": 1,
  "addedPrice": 0
},
{
  "_id": {
    "$oid": "652060223c086fcc48ecb847"
  },
  "text": "How it it ?",
  "attachment": "/uploads/1696620576956-60763691.png",
  "sender": "limon",
  "senderRole": "instructor",
  "receiver": "abdullahlimon",
  "receiverRole": "client",
  "conversationID": "abdullahlimonlimon",
  "messageCreatedAT": {
    "$date": "2023-10-06T19:29:38.492Z"
  },
  "messageUpdateAT": {
    "$date": "2023-10-06T19:29:38.492Z"
  },
  "sendedpackageID": "",
  "acceptedPackage": false,
  "rejectedPackage": true,
  "quantityPackage": 1,
  "addedPrice": 0
},
{
  "_id": {
    "$oid": "652060963c086fcc48ecb86c"
  },
  "text": "Very good",
  "attachment": "",
  "sender": "abdullahlimon",
  "senderRole": "client",
  "receiver": "limon",
  "receiverRole": "instructor",
  "conversationID": "abdullahlimonlimon",
  "messageCreatedAT": {
    "$date": "2023-10-06T19:31:34.058Z"
  },
  "messageUpdateAT": {
    "$date": "2023-10-06T19:31:34.058Z"
  },
  "sendedpackageID": "",
  "acceptedPackage": false,
  "rejectedPackage": true,
  "quantityPackage": 1,
  "addedPrice": 0
},
{
  "_id": {
    "$oid": "652060a43c086fcc48ecb872"
  },
  "text": "Do you want any package ?",
  "attachment": "",
  "sender": "limon",
  "senderRole": "instructor",
  "receiver": "abdullahlimon",
  "receiverRole": "client",
  "conversationID": "abdullahlimonlimon",
  "messageCreatedAT": {
    "$date": "2023-10-06T19:31:48.133Z"
  },
  "messageUpdateAT": {
    "$date": "2023-10-06T19:31:48.133Z"
  },
  "sendedpackageID": "",
  "acceptedPackage": false,
  "rejectedPackage": true,
  "quantityPackage": 1,
  "addedPrice": 0
},
{
  "_id": {
    "$oid": "652060aa3c086fcc48ecb878"
  },
  "text": "yes",
  "attachment": "",
  "sender": "abdullahlimon",
  "senderRole": "client",
  "receiver": "limon",
  "receiverRole": "instructor",
  "conversationID": "abdullahlimonlimon",
  "messageCreatedAT": {
    "$date": "2023-10-06T19:31:54.066Z"
  },
  "messageUpdateAT": {
    "$date": "2023-10-06T19:31:54.066Z"
  },
  "sendedpackageID": "",
  "acceptedPackage": false,
  "rejectedPackage": true,
  "quantityPackage": 1,
  "addedPrice": 0
},
{
  "_id": {
    "$oid": "652060f43c086fcc48ecb895"
  },
  "text": "Here is custom offer",
  "attachment": "",
  "sender": "limon",
  "senderRole": "instructor",
  "receiver": "abdullahlimon",
  "receiverRole": "client",
  "conversationID": "abdullahlimonlimon",
  "messageCreatedAT": {
    "$date": "2023-10-06T19:33:08.204Z"
  },
  "messageUpdateAT": {
    "$date": "2023-10-06T19:33:19.658Z"
  },
  "sendedpackageID": "pk09",
  "acceptedPackage": true,
  "rejectedPackage": false,
  "quantityPackage": 5,
  "addedPrice": 200
},
{
  "_id": {
    "$oid": "652061573c086fcc48ecb8a4"
  },
  "text": "hi",
  "attachment": "",
  "sender": "limon",
  "senderRole": "instructor",
  "receiver": "abdullahlimon",
  "receiverRole": "client",
  "conversationID": "abdullahlimonlimon",
  "messageCreatedAT": {
    "$date": "2023-10-06T19:34:47.885Z"
  },
  "messageUpdateAT": {
    "$date": "2023-10-06T19:34:47.885Z"
  },
  "sendedpackageID": "",
  "acceptedPackage": false,
  "rejectedPackage": true,
  "quantityPackage": 1,
  "addedPrice": 0
},
{
  "_id": {
    "$oid": "652061653c086fcc48ecb8ac"
  },
  "text": "Hello",
  "attachment": "",
  "sender": "abdullahlimon",
  "senderRole": "client",
  "receiver": "limon",
  "receiverRole": "instructor",
  "conversationID": "abdullahlimonlimon",
  "messageCreatedAT": {
    "$date": "2023-10-06T19:35:01.924Z"
  },
  "messageUpdateAT": {
    "$date": "2023-10-06T19:35:01.924Z"
  },
  "sendedpackageID": "",
  "acceptedPackage": false,
  "rejectedPackage": true,
  "quantityPackage": 1,
  "addedPrice": 0
},
{
  "_id": {
    "$oid": "652061b03c086fcc48ecb8cb"
  },
  "text": "a",
  "attachment": "",
  "sender": "limon",
  "senderRole": "instructor",
  "receiver": "abdullahlimon",
  "receiverRole": "client",
  "conversationID": "abdullahlimonlimon",
  "messageCreatedAT": {
    "$date": "2023-10-06T19:36:16.694Z"
  },
  "messageUpdateAT": {
    "$date": "2023-10-10T13:55:45.069Z"
  },
  "sendedpackageID": "pk05",
  "acceptedPackage": false,
  "rejectedPackage": true,
  "quantityPackage": 5,
  "addedPrice": 200
},
{
  "_id": {
    "$oid": "6520626d3c086fcc48ecb8d5"
  },
  "text": "hey",
  "attachment": "",
  "sender": "abdullahlimon",
  "senderRole": "client",
  "receiver": "limon",
  "receiverRole": "instructor",
  "conversationID": "abdullahlimonlimon",
  "messageCreatedAT": {
    "$date": "2023-10-06T19:39:25.600Z"
  },
  "messageUpdateAT": {
    "$date": "2023-10-06T19:39:25.600Z"
  },
  "sendedpackageID": "",
  "acceptedPackage": false,
  "rejectedPackage": true,
  "quantityPackage": 1,
  "addedPrice": 0
},
{
  "_id": {
    "$oid": "6520627f3c086fcc48ecb8df"
  },
  "text": "hello",
  "attachment": "",
  "sender": "limon",
  "senderRole": "instructor",
  "receiver": "abdullahlimon",
  "receiverRole": "client",
  "conversationID": "abdullahlimonlimon",
  "messageCreatedAT": {
    "$date": "2023-10-06T19:39:43.539Z"
  },
  "messageUpdateAT": {
    "$date": "2023-10-06T19:39:43.539Z"
  },
  "sendedpackageID": "",
  "acceptedPackage": false,
  "rejectedPackage": true,
  "quantityPackage": 1,
  "addedPrice": 0
},
{
  "_id": {
    "$oid": "6520628a3c086fcc48ecb8e9"
  },
  "text": "apnar packager chobi den ",
  "attachment": "",
  "sender": "abdullahlimon",
  "senderRole": "client",
  "receiver": "limon",
  "receiverRole": "instructor",
  "conversationID": "abdullahlimonlimon",
  "messageCreatedAT": {
    "$date": "2023-10-06T19:39:54.229Z"
  },
  "messageUpdateAT": {
    "$date": "2023-10-06T19:39:54.229Z"
  },
  "sendedpackageID": "",
  "acceptedPackage": false,
  "rejectedPackage": true,
  "quantityPackage": 1,
  "addedPrice": 0
},
{
  "_id": {
    "$oid": "652062983c086fcc48ecb8f3"
  },
  "text": "ei lon chobi",
  "attachment": "/uploads/1696621206714-394431273.jpg",
  "sender": "limon",
  "senderRole": "instructor",
  "receiver": "abdullahlimon",
  "receiverRole": "client",
  "conversationID": "abdullahlimonlimon",
  "messageCreatedAT": {
    "$date": "2023-10-06T19:40:08.422Z"
  },
  "messageUpdateAT": {
    "$date": "2023-10-06T19:40:08.422Z"
  },
  "sendedpackageID": "",
  "acceptedPackage": false,
  "rejectedPackage": true,
  "quantityPackage": 1,
  "addedPrice": 0
},
{
  "_id": {
    "$oid": "652062a73c086fcc48ecb8fd"
  },
  "text": "valo lagse offer den",
  "attachment": "",
  "sender": "abdullahlimon",
  "senderRole": "client",
  "receiver": "limon",
  "receiverRole": "instructor",
  "conversationID": "abdullahlimonlimon",
  "messageCreatedAT": {
    "$date": "2023-10-06T19:40:23.170Z"
  },
  "messageUpdateAT": {
    "$date": "2023-10-06T19:40:23.170Z"
  },
  "sendedpackageID": "",
  "acceptedPackage": false,
  "rejectedPackage": true,
  "quantityPackage": 1,
  "addedPrice": 0
},
{
  "_id": {
    "$oid": "652062c73c086fcc48ecb926"
  },
  "text": "Eita lon",
  "attachment": "",
  "sender": "limon",
  "senderRole": "instructor",
  "receiver": "abdullahlimon",
  "receiverRole": "client",
  "conversationID": "abdullahlimonlimon",
  "messageCreatedAT": {
    "$date": "2023-10-06T19:40:55.077Z"
  },
  "messageUpdateAT": {
    "$date": "2023-10-06T19:40:59.683Z"
  },
  "sendedpackageID": "pk08",
  "acceptedPackage": true,
  "rejectedPackage": false,
  "quantityPackage": 5,
  "addedPrice": 200
},
{
  "_id": {
    "$oid": "6521281933869f68c610ff53"
  },
  "text": "Hello",
  "attachment": "",
  "sender": "limon",
  "senderRole": "instructor",
  "receiver": "limon",
  "receiverRole": "client",
  "conversationID": "limonlimon",
  "messageCreatedAT": {
    "$date": "2023-10-07T09:42:49.822Z"
  },
  "messageUpdateAT": {
    "$date": "2023-10-07T09:42:49.822Z"
  },
  "sendedpackageID": "",
  "acceptedPackage": false,
  "rejectedPackage": true,
  "quantityPackage": 1,
  "addedPrice": 0
},
{
  "_id": {
    "$oid": "6521285233869f68c610ff89"
  },
  "text": "Hi",
  "attachment": "",
  "sender": "limon",
  "senderRole": "client",
  "receiver": "limon",
  "receiverRole": "instructor",
  "conversationID": "limonlimon",
  "messageCreatedAT": {
    "$date": "2023-10-07T09:43:46.483Z"
  },
  "messageUpdateAT": {
    "$date": "2023-10-07T09:43:46.483Z"
  },
  "sendedpackageID": "",
  "acceptedPackage": false,
  "rejectedPackage": true,
  "quantityPackage": 1,
  "addedPrice": 0
},
{
  "_id": {
    "$oid": "6521633c33869f68c610ffc7"
  },
  "text": "He he",
  "attachment": "/uploads/1696686908291-146181817.jpg",
  "sender": "limon",
  "senderRole": "client",
  "receiver": "abdullahlimon",
  "receiverRole": "instructor",
  "conversationID": "limonabdullahlimon",
  "messageCreatedAT": {
    "$date": "2023-10-07T13:55:08.356Z"
  },
  "messageUpdateAT": {
    "$date": "2023-10-07T13:55:08.356Z"
  },
  "sendedpackageID": "",
  "acceptedPackage": false,
  "rejectedPackage": false,
  "quantityPackage": 1,
  "addedPrice": 0
},
{
  "_id": {
    "$oid": "652307fd374080f474c5969f"
  },
  "text": "Hello",
  "attachment": "",
  "sender": "limon",
  "senderRole": "instructor",
  "receiver": "limon",
  "receiverRole": "client",
  "conversationID": "limonlimon",
  "messageCreatedAT": {
    "$date": "2023-10-08T19:50:21.939Z"
  },
  "messageUpdateAT": {
    "$date": "2023-10-08T19:50:21.939Z"
  },
  "sendedpackageID": "",
  "acceptedPackage": false,
  "rejectedPackage": false,
  "quantityPackage": 1,
  "addedPrice": 0
},
{
  "_id": {
    "$oid": "6523080d374080f474c596ae"
  },
  "text": "How are you ?",
  "attachment": "",
  "sender": "limon",
  "senderRole": "instructor",
  "receiver": "rabeya23",
  "receiverRole": "client",
  "conversationID": "rabeya23limon",
  "messageCreatedAT": {
    "$date": "2023-10-08T19:50:37.561Z"
  },
  "messageUpdateAT": {
    "$date": "2023-10-08T19:50:37.561Z"
  },
  "sendedpackageID": "",
  "acceptedPackage": false,
  "rejectedPackage": false,
  "quantityPackage": 1,
  "addedPrice": 0
},
{
  "_id": {
    "$oid": "65230886374080f474c596ce"
  },
  "text": "hello",
  "attachment": "",
  "sender": "rabeya23",
  "senderRole": "client",
  "receiver": "limon",
  "receiverRole": "instructor",
  "conversationID": "rabeya23limon",
  "messageCreatedAT": {
    "$date": "2023-10-08T19:52:38.985Z"
  },
  "messageUpdateAT": {
    "$date": "2023-10-08T19:52:38.985Z"
  },
  "sendedpackageID": "",
  "acceptedPackage": false,
  "rejectedPackage": false,
  "quantityPackage": 1,
  "addedPrice": 0
},
{
  "_id": {
    "$oid": "6523088f374080f474c596dd"
  },
  "text": "How are you ?",
  "attachment": "",
  "sender": "limon",
  "senderRole": "instructor",
  "receiver": "rabeya23",
  "receiverRole": "client",
  "conversationID": "rabeya23limon",
  "messageCreatedAT": {
    "$date": "2023-10-08T19:52:47.921Z"
  },
  "messageUpdateAT": {
    "$date": "2023-10-08T19:52:47.921Z"
  },
  "sendedpackageID": "",
  "acceptedPackage": false,
  "rejectedPackage": false,
  "quantityPackage": 1,
  "addedPrice": 0
},
{
  "_id": {
    "$oid": "652308e1374080f474c5973e"
  },
  "text": "Here is latest",
  "attachment": "",
  "sender": "limon",
  "senderRole": "instructor",
  "receiver": "rabeya23",
  "receiverRole": "client",
  "conversationID": "rabeya23limon",
  "messageCreatedAT": {
    "$date": "2023-10-08T19:54:09.643Z"
  },
  "messageUpdateAT": {
    "$date": "2023-10-08T19:54:16.224Z"
  },
  "sendedpackageID": "pk06",
  "acceptedPackage": true,
  "rejectedPackage": false,
  "quantityPackage": 2,
  "addedPrice": 200
},
{
  "_id": {
    "$oid": "652308f3374080f474c5975f"
  },
  "text": "Thank you",
  "attachment": "",
  "sender": "limon",
  "senderRole": "instructor",
  "receiver": "rabeya23",
  "receiverRole": "client",
  "conversationID": "rabeya23limon",
  "messageCreatedAT": {
    "$date": "2023-10-08T19:54:27.930Z"
  },
  "messageUpdateAT": {
    "$date": "2023-10-08T19:54:27.930Z"
  },
  "sendedpackageID": "",
  "acceptedPackage": false,
  "rejectedPackage": false,
  "quantityPackage": 1,
  "addedPrice": 0
},
{
  "_id": {
    "$oid": "65230915374080f474c59770"
  },
  "text": "This is your website",
  "attachment": "/uploads/1696794899566-99012738.png",
  "sender": "rabeya23",
  "senderRole": "client",
  "receiver": "limon",
  "receiverRole": "instructor",
  "conversationID": "rabeya23limon",
  "messageCreatedAT": {
    "$date": "2023-10-08T19:55:01.569Z"
  },
  "messageUpdateAT": {
    "$date": "2023-10-08T19:55:01.569Z"
  },
  "sendedpackageID": "",
  "acceptedPackage": false,
  "rejectedPackage": false,
  "quantityPackage": 1,
  "addedPrice": 0
},
{
  "_id": {
    "$oid": "6523097b374080f474c59785"
  },
  "text": "Hi",
  "attachment": "",
  "sender": "limon",
  "senderRole": "instructor",
  "receiver": "limon",
  "receiverRole": "client",
  "conversationID": "limonlimon",
  "messageCreatedAT": {
    "$date": "2023-10-08T19:56:43.406Z"
  },
  "messageUpdateAT": {
    "$date": "2023-10-08T19:56:43.406Z"
  },
  "sendedpackageID": "",
  "acceptedPackage": false,
  "rejectedPackage": false,
  "quantityPackage": 1,
  "addedPrice": 0
},
{
  "_id": {
    "$oid": "65230998374080f474c59799"
  },
  "text": "hello",
  "attachment": "",
  "sender": "limon",
  "senderRole": "instructor",
  "receiver": "limon",
  "receiverRole": "client",
  "conversationID": "limonlimon",
  "messageCreatedAT": {
    "$date": "2023-10-08T19:57:12.764Z"
  },
  "messageUpdateAT": {
    "$date": "2023-10-08T19:57:12.764Z"
  },
  "sendedpackageID": "",
  "acceptedPackage": false,
  "rejectedPackage": false,
  "quantityPackage": 1,
  "addedPrice": 0
},
{
  "_id": {
    "$oid": "652309b2374080f474c597bb"
  },
  "text": "oi mia",
  "attachment": "",
  "sender": "rabeya23",
  "senderRole": "client",
  "receiver": "limon",
  "receiverRole": "instructor",
  "conversationID": "rabeya23limon",
  "messageCreatedAT": {
    "$date": "2023-10-08T19:57:38.424Z"
  },
  "messageUpdateAT": {
    "$date": "2023-10-08T19:57:38.424Z"
  },
  "sendedpackageID": "",
  "acceptedPackage": false,
  "rejectedPackage": false,
  "quantityPackage": 1,
  "addedPrice": 0
},
{
  "_id": {
    "$oid": "65231163374080f474c59a4b"
  },
  "text": "I love you dear",
  "attachment": "",
  "sender": "limon",
  "senderRole": "client",
  "receiver": "abdullahlimon",
  "receiverRole": "instructor",
  "conversationID": "limonabdullahlimon",
  "messageCreatedAT": {
    "$date": "2023-10-08T20:30:27.631Z"
  },
  "messageUpdateAT": {
    "$date": "2023-10-08T20:30:27.631Z"
  },
  "sendedpackageID": "",
  "acceptedPackage": false,
  "rejectedPackage": false,
  "quantityPackage": 1,
  "addedPrice": 0
},
{
  "_id": {
    "$oid": "65231190374080f474c59a4f"
  },
  "text": "This is for my baby",
  "attachment": "/uploads/1696797070257-862966252.jpg",
  "sender": "limon",
  "senderRole": "client",
  "receiver": "abdullahlimon",
  "receiverRole": "instructor",
  "conversationID": "limonabdullahlimon",
  "messageCreatedAT": {
    "$date": "2023-10-08T20:31:12.169Z"
  },
  "messageUpdateAT": {
    "$date": "2023-10-08T20:31:12.169Z"
  },
  "sendedpackageID": "",
  "acceptedPackage": false,
  "rejectedPackage": false,
  "quantityPackage": 1,
  "addedPrice": 0
},
{
  "_id": {
    "$oid": "6523127a374080f474c59a53"
  },
  "text": "oh no",
  "attachment": "",
  "sender": "limon",
  "senderRole": "client",
  "receiver": "abdullahlimon",
  "receiverRole": "instructor",
  "conversationID": "limonabdullahlimon",
  "messageCreatedAT": {
    "$date": "2023-10-08T20:35:06.138Z"
  },
  "messageUpdateAT": {
    "$date": "2023-10-08T20:35:06.138Z"
  },
  "sendedpackageID": "",
  "acceptedPackage": false,
  "rejectedPackage": false,
  "quantityPackage": 1,
  "addedPrice": 0
},
{
  "_id": {
    "$oid": "652351d9bdab81e43046873c"
  },
  "text": "hello",
  "attachment": "",
  "sender": "limon",
  "senderRole": "instructor",
  "receiver": "limon",
  "receiverRole": "client",
  "conversationID": "limonlimon",
  "messageCreatedAT": {
    "$date": "2023-10-09T01:05:29.794Z"
  },
  "messageUpdateAT": {
    "$date": "2023-10-09T01:05:29.794Z"
  },
  "sendedpackageID": "",
  "acceptedPackage": false,
  "rejectedPackage": false,
  "quantityPackage": 1,
  "addedPrice": 0
},
{
  "_id": {
    "$oid": "652443e457f3ab7e1cedee53"
  },
  "text": "Hello",
  "attachment": "",
  "sender": "rabeya23",
  "senderRole": "client",
  "receiver": "limon",
  "receiverRole": "instructor",
  "conversationID": "rabeya23limon",
  "messageCreatedAT": {
    "$date": "2023-10-09T18:18:12.317Z"
  },
  "messageUpdateAT": {
    "$date": "2023-10-09T18:18:12.317Z"
  },
  "sendedpackageID": "",
  "acceptedPackage": false,
  "rejectedPackage": false,
  "quantityPackage": 1,
  "addedPrice": 0
},
{
  "_id": {
    "$oid": "6524458157f3ab7e1cedef78"
  },
  "text": "hello",
  "attachment": "",
  "sender": "limon",
  "senderRole": "client",
  "receiver": "limon",
  "receiverRole": "instructor",
  "conversationID": "limonlimon",
  "messageCreatedAT": {
    "$date": "2023-10-09T18:25:05.297Z"
  },
  "messageUpdateAT": {
    "$date": "2023-10-09T18:25:05.297Z"
  },
  "sendedpackageID": "",
  "acceptedPackage": false,
  "rejectedPackage": false,
  "quantityPackage": 1,
  "addedPrice": 0
},
{
  "_id": {
    "$oid": "652445a057f3ab7e1cedef82"
  },
  "text": "Are you allright ?",
  "attachment": "",
  "sender": "limon",
  "senderRole": "client",
  "receiver": "limon",
  "receiverRole": "instructor",
  "conversationID": "limonlimon",
  "messageCreatedAT": {
    "$date": "2023-10-09T18:25:36.412Z"
  },
  "messageUpdateAT": {
    "$date": "2023-10-09T18:25:36.412Z"
  },
  "sendedpackageID": "",
  "acceptedPackage": false,
  "rejectedPackage": false,
  "quantityPackage": 1,
  "addedPrice": 0
},
{
  "_id": {
    "$oid": "6524d2ab57f3ab7e1cedf03e"
  },
  "text": "hello",
  "attachment": "",
  "sender": "limon",
  "senderRole": "client",
  "receiver": "limon",
  "receiverRole": "instructor",
  "conversationID": "limonlimon",
  "messageCreatedAT": {
    "$date": "2023-10-10T04:27:23.009Z"
  },
  "messageUpdateAT": {
    "$date": "2023-10-10T04:27:23.009Z"
  },
  "sendedpackageID": "",
  "acceptedPackage": false,
  "rejectedPackage": false,
  "quantityPackage": 1,
  "addedPrice": 0
},
{
  "_id": {
    "$oid": "6524d43557f3ab7e1cedf2a8"
  },
  "text": "hello",
  "attachment": "",
  "sender": "limon",
  "senderRole": "client",
  "receiver": "limon",
  "receiverRole": "instructor",
  "conversationID": "limonlimon",
  "messageCreatedAT": {
    "$date": "2023-10-10T04:33:57.325Z"
  },
  "messageUpdateAT": {
    "$date": "2023-10-10T04:33:57.325Z"
  },
  "sendedpackageID": "",
  "acceptedPackage": false,
  "rejectedPackage": false,
  "quantityPackage": 1,
  "addedPrice": 0
},
{
  "_id": {
    "$oid": "6524d44e57f3ab7e1cedf379"
  },
  "text": "kemon aso",
  "attachment": "",
  "sender": "limon",
  "senderRole": "client",
  "receiver": "limon",
  "receiverRole": "instructor",
  "conversationID": "limonlimon",
  "messageCreatedAT": {
    "$date": "2023-10-10T04:34:22.248Z"
  },
  "messageUpdateAT": {
    "$date": "2023-10-10T04:34:22.248Z"
  },
  "sendedpackageID": "",
  "acceptedPackage": false,
  "rejectedPackage": false,
  "quantityPackage": 1,
  "addedPrice": 0
},
{
  "_id": {
    "$oid": "6524d49957f3ab7e1cedf60d"
  },
  "text": "hello rabeya",
  "attachment": "",
  "sender": "rabeya23",
  "senderRole": "client",
  "receiver": "limon",
  "receiverRole": "instructor",
  "conversationID": "rabeya23limon",
  "messageCreatedAT": {
    "$date": "2023-10-10T04:35:37.224Z"
  },
  "messageUpdateAT": {
    "$date": "2023-10-10T04:35:37.224Z"
  },
  "sendedpackageID": "",
  "acceptedPackage": false,
  "rejectedPackage": false,
  "quantityPackage": 1,
  "addedPrice": 0
},
{
  "_id": {
    "$oid": "6524d4a957f3ab7e1cedf71e"
  },
  "text": "Are you ok?",
  "attachment": "",
  "sender": "rabeya23",
  "senderRole": "client",
  "receiver": "limon",
  "receiverRole": "instructor",
  "conversationID": "rabeya23limon",
  "messageCreatedAT": {
    "$date": "2023-10-10T04:35:53.424Z"
  },
  "messageUpdateAT": {
    "$date": "2023-10-10T04:35:53.424Z"
  },
  "sendedpackageID": "",
  "acceptedPackage": false,
  "rejectedPackage": false,
  "quantityPackage": 1,
  "addedPrice": 0
},
{
  "_id": {
    "$oid": "6524d6f457f3ab7e1cee12f4"
  },
  "text": "hello",
  "attachment": "",
  "sender": "rabeya23",
  "senderRole": "client",
  "receiver": "limon",
  "receiverRole": "instructor",
  "conversationID": "rabeya23limon",
  "messageCreatedAT": {
    "$date": "2023-10-10T04:45:40.473Z"
  },
  "messageUpdateAT": {
    "$date": "2023-10-10T04:45:40.473Z"
  },
  "sendedpackageID": "",
  "acceptedPackage": false,
  "rejectedPackage": false,
  "quantityPackage": 1,
  "addedPrice": 0
},
{
  "_id": {
    "$oid": "6524d6fc57f3ab7e1cee1384"
  },
  "text": "man",
  "attachment": "",
  "sender": "rabeya23",
  "senderRole": "client",
  "receiver": "limon",
  "receiverRole": "instructor",
  "conversationID": "rabeya23limon",
  "messageCreatedAT": {
    "$date": "2023-10-10T04:45:48.927Z"
  },
  "messageUpdateAT": {
    "$date": "2023-10-10T04:45:48.927Z"
  },
  "sendedpackageID": "",
  "acceptedPackage": false,
  "rejectedPackage": false,
  "quantityPackage": 1,
  "addedPrice": 0
},
{
  "_id": {
    "$oid": "6524d70757f3ab7e1cee1444"
  },
  "text": "are you allright?",
  "attachment": "",
  "sender": "rabeya23",
  "senderRole": "client",
  "receiver": "limon",
  "receiverRole": "instructor",
  "conversationID": "rabeya23limon",
  "messageCreatedAT": {
    "$date": "2023-10-10T04:45:59.686Z"
  },
  "messageUpdateAT": {
    "$date": "2023-10-10T04:45:59.686Z"
  },
  "sendedpackageID": "",
  "acceptedPackage": false,
  "rejectedPackage": false,
  "quantityPackage": 1,
  "addedPrice": 0
},
{
  "_id": {
    "$oid": "6524d72a57f3ab7e1cee166a"
  },
  "text": "hello",
  "attachment": "",
  "sender": "rabeya23",
  "senderRole": "client",
  "receiver": "limon",
  "receiverRole": "instructor",
  "conversationID": "rabeya23limon",
  "messageCreatedAT": {
    "$date": "2023-10-10T04:46:34.743Z"
  },
  "messageUpdateAT": {
    "$date": "2023-10-10T04:46:34.743Z"
  },
  "sendedpackageID": "",
  "acceptedPackage": false,
  "rejectedPackage": false,
  "quantityPackage": 1,
  "addedPrice": 0
},
{
  "_id": {
    "$oid": "6524db8457f3ab7e1ceeab4f"
  },
  "text": "I will help you",
  "attachment": "",
  "sender": "rabeya23",
  "senderRole": "client",
  "receiver": "limon",
  "receiverRole": "instructor",
  "conversationID": "rabeya23limon",
  "messageCreatedAT": {
    "$date": "2023-10-10T05:05:08.129Z"
  },
  "messageUpdateAT": {
    "$date": "2023-10-10T05:05:08.129Z"
  },
  "sendedpackageID": "",
  "acceptedPackage": false,
  "rejectedPackage": false,
  "quantityPackage": 1,
  "addedPrice": 0
},
{
  "_id": {
    "$oid": "6524db9857f3ab7e1ceeac01"
  },
  "text": "Wow. Nice",
  "attachment": "",
  "sender": "rabeya23",
  "senderRole": "client",
  "receiver": "limon",
  "receiverRole": "instructor",
  "conversationID": "rabeya23limon",
  "messageCreatedAT": {
    "$date": "2023-10-10T05:05:28.319Z"
  },
  "messageUpdateAT": {
    "$date": "2023-10-10T05:05:28.319Z"
  },
  "sendedpackageID": "",
  "acceptedPackage": false,
  "rejectedPackage": false,
  "quantityPackage": 1,
  "addedPrice": 0
},
{
  "_id": {
    "$oid": "6524dbad57f3ab7e1ceeacaa"
  },
  "text": "Are you sure?",
  "attachment": "",
  "sender": "limon",
  "senderRole": "instructor",
  "receiver": "rabeya23",
  "receiverRole": "client",
  "conversationID": "rabeya23limon",
  "messageCreatedAT": {
    "$date": "2023-10-10T05:05:49.538Z"
  },
  "messageUpdateAT": {
    "$date": "2023-10-10T05:05:49.538Z"
  },
  "sendedpackageID": "",
  "acceptedPackage": false,
  "rejectedPackage": false,
  "quantityPackage": 1,
  "addedPrice": 0
},
{
  "_id": {
    "$oid": "6524de1557f3ab7e1ceebcda"
  },
  "text": "hello",
  "attachment": "",
  "sender": "limon",
  "senderRole": "instructor",
  "receiver": "rabeya23",
  "receiverRole": "client",
  "conversationID": "rabeya23limon",
  "messageCreatedAT": {
    "$date": "2023-10-10T05:16:05.546Z"
  },
  "messageUpdateAT": {
    "$date": "2023-10-10T05:16:05.546Z"
  },
  "sendedpackageID": "",
  "acceptedPackage": false,
  "rejectedPackage": false,
  "quantityPackage": 1,
  "addedPrice": 0
},
{
  "_id": {
    "$oid": "6524de3257f3ab7e1ceebd62"
  },
  "text": "I like your work",
  "attachment": "",
  "sender": "rabeya23",
  "senderRole": "client",
  "receiver": "limon",
  "receiverRole": "instructor",
  "conversationID": "rabeya23limon",
  "messageCreatedAT": {
    "$date": "2023-10-10T05:16:34.467Z"
  },
  "messageUpdateAT": {
    "$date": "2023-10-10T05:16:34.467Z"
  },
  "sendedpackageID": "",
  "acceptedPackage": false,
  "rejectedPackage": false,
  "quantityPackage": 1,
  "addedPrice": 0
},
{
  "_id": {
    "$oid": "6524de3b57f3ab7e1ceebd6a"
  },
  "text": "Thank you so much",
  "attachment": "",
  "sender": "limon",
  "senderRole": "instructor",
  "receiver": "rabeya23",
  "receiverRole": "client",
  "conversationID": "rabeya23limon",
  "messageCreatedAT": {
    "$date": "2023-10-10T05:16:43.187Z"
  },
  "messageUpdateAT": {
    "$date": "2023-10-10T05:16:43.187Z"
  },
  "sendedpackageID": "",
  "acceptedPackage": false,
  "rejectedPackage": false,
  "quantityPackage": 1,
  "addedPrice": 0
},
{
  "_id": {
    "$oid": "6524de4a57f3ab7e1ceebd76"
  },
  "text": "hey man !",
  "attachment": "",
  "sender": "rabeya23",
  "senderRole": "client",
  "receiver": "limon",
  "receiverRole": "instructor",
  "conversationID": "rabeya23limon",
  "messageCreatedAT": {
    "$date": "2023-10-10T05:16:58.199Z"
  },
  "messageUpdateAT": {
    "$date": "2023-10-10T05:16:58.199Z"
  },
  "sendedpackageID": "",
  "acceptedPackage": false,
  "rejectedPackage": false,
  "quantityPackage": 1,
  "addedPrice": 0
},
{
  "_id": {
    "$oid": "6524de6e57f3ab7e1ceebd7c"
  },
  "text": "here is you offer",
  "attachment": "",
  "sender": "limon",
  "senderRole": "instructor",
  "receiver": "limon",
  "receiverRole": "client",
  "conversationID": "limonlimon",
  "messageCreatedAT": {
    "$date": "2023-10-10T05:17:34.849Z"
  },
  "messageUpdateAT": {
    "$date": "2023-10-10T15:35:11.434Z"
  },
  "sendedpackageID": "pk-202310785643550",
  "acceptedPackage": false,
  "rejectedPackage": true,
  "quantityPackage": 1,
  "addedPrice": 0
},
{
  "_id": {
    "$oid": "6524de8057f3ab7e1ceebd82"
  },
  "text": "another",
  "attachment": "",
  "sender": "limon",
  "senderRole": "instructor",
  "receiver": "limon",
  "receiverRole": "client",
  "conversationID": "limonlimon",
  "messageCreatedAT": {
    "$date": "2023-10-10T05:17:52.465Z"
  },
  "messageUpdateAT": {
    "$date": "2023-10-10T05:17:52.465Z"
  },
  "sendedpackageID": "pk-202310785643550",
  "acceptedPackage": false,
  "rejectedPackage": false,
  "quantityPackage": 1,
  "addedPrice": 0
},
{
  "_id": {
    "$oid": "6524deb757f3ab7e1ceebdaa"
  },
  "text": "Here is your offer",
  "attachment": "",
  "sender": "limon",
  "senderRole": "instructor",
  "receiver": "rabeya23",
  "receiverRole": "client",
  "conversationID": "rabeya23limon",
  "messageCreatedAT": {
    "$date": "2023-10-10T05:18:47.026Z"
  },
  "messageUpdateAT": {
    "$date": "2023-10-10T05:18:55.217Z"
  },
  "sendedpackageID": "pk09",
  "acceptedPackage": true,
  "rejectedPackage": false,
  "quantityPackage": 1,
  "addedPrice": 0
},
{
  "_id": {
    "$oid": "6524f73aa8795fa435695298"
  },
  "text": "ygyg",
  "attachment": "",
  "sender": "limon",
  "senderRole": "instructor",
  "receiver": "limon",
  "receiverRole": "client",
  "conversationID": "limonlimon",
  "messageCreatedAT": {
    "$date": "2023-10-10T07:03:22.349Z"
  },
  "messageUpdateAT": {
    "$date": "2023-10-11T10:53:13.708Z"
  },
  "sendedpackageID": "pk-202310785643550",
  "acceptedPackage": false,
  "rejectedPackage": true,
  "quantityPackage": 1,
  "addedPrice": 0
},
{
  "_id": {
    "$oid": "6524f744a8795fa43569529c"
  },
  "text": "hi",
  "attachment": "",
  "sender": "limon",
  "senderRole": "instructor",
  "receiver": "limon",
  "receiverRole": "client",
  "conversationID": "limonlimon",
  "messageCreatedAT": {
    "$date": "2023-10-10T07:03:32.546Z"
  },
  "messageUpdateAT": {
    "$date": "2023-10-10T07:03:32.546Z"
  },
  "sendedpackageID": "",
  "acceptedPackage": false,
  "rejectedPackage": false,
  "quantityPackage": 1,
  "addedPrice": 0
},
{
  "_id": {
    "$oid": "6524f758a8795fa4356952a0"
  },
  "text": "njjohbn",
  "attachment": "/uploads/1696921431962-849413230.jpg",
  "sender": "limon",
  "senderRole": "instructor",
  "receiver": "limon",
  "receiverRole": "client",
  "conversationID": "limonlimon",
  "messageCreatedAT": {
    "$date": "2023-10-10T07:03:52.781Z"
  },
  "messageUpdateAT": {
    "$date": "2023-10-10T07:03:52.781Z"
  },
  "sendedpackageID": "",
  "acceptedPackage": false,
  "rejectedPackage": false,
  "quantityPackage": 1,
  "addedPrice": 0
},
{
  "_id": {
    "$oid": "65256a0a2324825081b8d484"
  },
  "text": "hello",
  "attachment": "",
  "sender": "limon",
  "senderRole": "instructor",
  "receiver": "abdullahlimon",
  "receiverRole": "client",
  "conversationID": "abdullahlimonlimon",
  "messageCreatedAT": {
    "$date": "2023-10-10T15:13:14.996Z"
  },
  "messageUpdateAT": {
    "$date": "2023-10-10T15:13:14.996Z"
  },
  "sendedpackageID": "",
  "acceptedPackage": false,
  "rejectedPackage": false,
  "quantityPackage": 1,
  "addedPrice": 0
},
{
  "_id": {
    "$oid": "65256a292324825081b8d491"
  },
  "text": "offer",
  "attachment": "",
  "sender": "limon",
  "senderRole": "instructor",
  "receiver": "abdullahlimon",
  "receiverRole": "client",
  "conversationID": "abdullahlimonlimon",
  "messageCreatedAT": {
    "$date": "2023-10-10T15:13:45.413Z"
  },
  "messageUpdateAT": {
    "$date": "2023-10-10T15:13:45.413Z"
  },
  "sendedpackageID": "pk-202310785643550",
  "acceptedPackage": false,
  "rejectedPackage": false,
  "quantityPackage": 1,
  "addedPrice": 0
},
{
  "_id": {
    "$oid": "65256cd7bab086526f482a7b"
  },
  "text": "hello",
  "attachment": "",
  "sender": "abdullahlimon",
  "senderRole": "client",
  "receiver": "limon",
  "receiverRole": "instructor",
  "conversationID": "abdullahlimonlimon",
  "messageCreatedAT": {
    "$date": "2023-10-10T15:25:11.897Z"
  },
  "messageUpdateAT": {
    "$date": "2023-10-10T15:25:11.897Z"
  },
  "sendedpackageID": "",
  "acceptedPackage": false,
  "rejectedPackage": false,
  "quantityPackage": 1,
  "addedPrice": 0
},
{
  "_id": {
    "$oid": "65256cdfbab086526f482a7d"
  },
  "text": "hello",
  "attachment": "",
  "sender": "abdullahlimon",
  "senderRole": "client",
  "receiver": "limon",
  "receiverRole": "instructor",
  "conversationID": "abdullahlimonlimon",
  "messageCreatedAT": {
    "$date": "2023-10-10T15:25:19.477Z"
  },
  "messageUpdateAT": {
    "$date": "2023-10-10T15:25:19.477Z"
  },
  "sendedpackageID": "",
  "acceptedPackage": false,
  "rejectedPackage": false,
  "quantityPackage": 1,
  "addedPrice": 0
},
{
  "_id": {
    "$oid": "65256ce7bab086526f482a7f"
  },
  "text": "hello",
  "attachment": "",
  "sender": "abdullahlimon",
  "senderRole": "client",
  "receiver": "limon",
  "receiverRole": "instructor",
  "conversationID": "abdullahlimonlimon",
  "messageCreatedAT": {
    "$date": "2023-10-10T15:25:27.085Z"
  },
  "messageUpdateAT": {
    "$date": "2023-10-10T15:25:27.085Z"
  },
  "sendedpackageID": "",
  "acceptedPackage": false,
  "rejectedPackage": false,
  "quantityPackage": 1,
  "addedPrice": 0
},
{
  "_id": {
    "$oid": "65256cedbab086526f482a81"
  },
  "text": "hello",
  "attachment": "",
  "sender": "abdullahlimon",
  "senderRole": "client",
  "receiver": "limon",
  "receiverRole": "instructor",
  "conversationID": "abdullahlimonlimon",
  "messageCreatedAT": {
    "$date": "2023-10-10T15:25:33.751Z"
  },
  "messageUpdateAT": {
    "$date": "2023-10-10T15:25:33.751Z"
  },
  "sendedpackageID": "",
  "acceptedPackage": false,
  "rejectedPackage": false,
  "quantityPackage": 1,
  "addedPrice": 0
},
{
  "_id": {
    "$oid": "65256cf5bab086526f482a83"
  },
  "text": "hello",
  "attachment": "",
  "sender": "abdullahlimon",
  "senderRole": "client",
  "receiver": "limon",
  "receiverRole": "instructor",
  "conversationID": "abdullahlimonlimon",
  "messageCreatedAT": {
    "$date": "2023-10-10T15:25:41.925Z"
  },
  "messageUpdateAT": {
    "$date": "2023-10-10T15:25:41.925Z"
  },
  "sendedpackageID": "",
  "acceptedPackage": false,
  "rejectedPackage": false,
  "quantityPackage": 1,
  "addedPrice": 0
},
{
  "_id": {
    "$oid": "65256cffbab086526f482a85"
  },
  "text": "hello",
  "attachment": "",
  "sender": "abdullahlimon",
  "senderRole": "client",
  "receiver": "limon",
  "receiverRole": "instructor",
  "conversationID": "abdullahlimonlimon",
  "messageCreatedAT": {
    "$date": "2023-10-10T15:25:51.763Z"
  },
  "messageUpdateAT": {
    "$date": "2023-10-10T15:25:51.763Z"
  },
  "sendedpackageID": "",
  "acceptedPackage": false,
  "rejectedPackage": false,
  "quantityPackage": 1,
  "addedPrice": 0
},
{
  "_id": {
    "$oid": "65256d00bab086526f482a87"
  },
  "text": "hello",
  "attachment": "",
  "sender": "abdullahlimon",
  "senderRole": "client",
  "receiver": "limon",
  "receiverRole": "instructor",
  "conversationID": "abdullahlimonlimon",
  "messageCreatedAT": {
    "$date": "2023-10-10T15:25:52.530Z"
  },
  "messageUpdateAT": {
    "$date": "2023-10-10T15:25:52.530Z"
  },
  "sendedpackageID": "",
  "acceptedPackage": false,
  "rejectedPackage": false,
  "quantityPackage": 1,
  "addedPrice": 0
},
{
  "_id": {
    "$oid": "65256d01bab086526f482a89"
  },
  "text": "hello",
  "attachment": "",
  "sender": "abdullahlimon",
  "senderRole": "client",
  "receiver": "limon",
  "receiverRole": "instructor",
  "conversationID": "abdullahlimonlimon",
  "messageCreatedAT": {
    "$date": "2023-10-10T15:25:53.210Z"
  },
  "messageUpdateAT": {
    "$date": "2023-10-10T15:25:53.210Z"
  },
  "sendedpackageID": "",
  "acceptedPackage": false,
  "rejectedPackage": false,
  "quantityPackage": 1,
  "addedPrice": 0
},
{
  "_id": {
    "$oid": "65256db0bab086526f482aa3"
  },
  "text": "hello",
  "attachment": "",
  "sender": "limon",
  "senderRole": "client",
  "receiver": "abdullahlimon",
  "receiverRole": "instructor",
  "conversationID": "limonabdullahlimon",
  "messageCreatedAT": {
    "$date": "2023-10-10T15:28:48.496Z"
  },
  "messageUpdateAT": {
    "$date": "2023-10-10T15:28:48.496Z"
  },
  "sendedpackageID": "",
  "acceptedPackage": false,
  "rejectedPackage": false,
  "quantityPackage": 1,
  "addedPrice": 0
},
{
  "_id": {
    "$oid": "65256db2bab086526f482aa5"
  },
  "text": "hello",
  "attachment": "",
  "sender": "limon",
  "senderRole": "client",
  "receiver": "abdullahlimon",
  "receiverRole": "instructor",
  "conversationID": "limonabdullahlimon",
  "messageCreatedAT": {
    "$date": "2023-10-10T15:28:50.474Z"
  },
  "messageUpdateAT": {
    "$date": "2023-10-10T15:28:50.474Z"
  },
  "sendedpackageID": "",
  "acceptedPackage": false,
  "rejectedPackage": false,
  "quantityPackage": 1,
  "addedPrice": 0
},
{
  "_id": {
    "$oid": "65256dbcbab086526f482aa7"
  },
  "text": "hello",
  "attachment": "",
  "sender": "limon",
  "senderRole": "client",
  "receiver": "abdullahlimon",
  "receiverRole": "instructor",
  "conversationID": "limonabdullahlimon",
  "messageCreatedAT": {
    "$date": "2023-10-10T15:29:00.683Z"
  },
  "messageUpdateAT": {
    "$date": "2023-10-10T15:29:00.683Z"
  },
  "sendedpackageID": "",
  "acceptedPackage": false,
  "rejectedPackage": false,
  "quantityPackage": 1,
  "addedPrice": 0
},
{
  "_id": {
    "$oid": "65256dbdbab086526f482aa9"
  },
  "text": "hello",
  "attachment": "",
  "sender": "limon",
  "senderRole": "client",
  "receiver": "abdullahlimon",
  "receiverRole": "instructor",
  "conversationID": "limonabdullahlimon",
  "messageCreatedAT": {
    "$date": "2023-10-10T15:29:01.950Z"
  },
  "messageUpdateAT": {
    "$date": "2023-10-10T15:29:01.950Z"
  },
  "sendedpackageID": "",
  "acceptedPackage": false,
  "rejectedPackage": false,
  "quantityPackage": 1,
  "addedPrice": 0
},
{
  "_id": {
    "$oid": "65256dc2bab086526f482aab"
  },
  "text": "hello",
  "attachment": "",
  "sender": "limon",
  "senderRole": "client",
  "receiver": "abdullahlimon",
  "receiverRole": "instructor",
  "conversationID": "limonabdullahlimon",
  "messageCreatedAT": {
    "$date": "2023-10-10T15:29:06.953Z"
  },
  "messageUpdateAT": {
    "$date": "2023-10-10T15:29:06.953Z"
  },
  "sendedpackageID": "",
  "acceptedPackage": false,
  "rejectedPackage": false,
  "quantityPackage": 1,
  "addedPrice": 0
},
{
  "_id": {
    "$oid": "65256dc3bab086526f482aad"
  },
  "text": "hello",
  "attachment": "",
  "sender": "limon",
  "senderRole": "client",
  "receiver": "abdullahlimon",
  "receiverRole": "instructor",
  "conversationID": "limonabdullahlimon",
  "messageCreatedAT": {
    "$date": "2023-10-10T15:29:07.784Z"
  },
  "messageUpdateAT": {
    "$date": "2023-10-10T15:29:07.784Z"
  },
  "sendedpackageID": "",
  "acceptedPackage": false,
  "rejectedPackage": false,
  "quantityPackage": 1,
  "addedPrice": 0
},
{
  "_id": {
    "$oid": "65256dccbab086526f482aaf"
  },
  "text": "hello",
  "attachment": "",
  "sender": "limon",
  "senderRole": "client",
  "receiver": "abdullahlimon",
  "receiverRole": "instructor",
  "conversationID": "limonabdullahlimon",
  "messageCreatedAT": {
    "$date": "2023-10-10T15:29:16.870Z"
  },
  "messageUpdateAT": {
    "$date": "2023-10-10T15:29:16.870Z"
  },
  "sendedpackageID": "",
  "acceptedPackage": false,
  "rejectedPackage": false,
  "quantityPackage": 1,
  "addedPrice": 0
},
{
  "_id": {
    "$oid": "65256dd1bab086526f482ab1"
  },
  "text": "hello",
  "attachment": "",
  "sender": "limon",
  "senderRole": "client",
  "receiver": "abdullahlimon",
  "receiverRole": "instructor",
  "conversationID": "limonabdullahlimon",
  "messageCreatedAT": {
    "$date": "2023-10-10T15:29:21.978Z"
  },
  "messageUpdateAT": {
    "$date": "2023-10-10T15:29:21.978Z"
  },
  "sendedpackageID": "",
  "acceptedPackage": false,
  "rejectedPackage": false,
  "quantityPackage": 1,
  "addedPrice": 0
},
{
  "_id": {
    "$oid": "65256decbab086526f482ac4"
  },
  "text": "hi",
  "attachment": "",
  "sender": "limon",
  "senderRole": "client",
  "receiver": "abdullahlimon",
  "receiverRole": "instructor",
  "conversationID": "limonabdullahlimon",
  "messageCreatedAT": {
    "$date": "2023-10-10T15:29:48.795Z"
  },
  "messageUpdateAT": {
    "$date": "2023-10-10T15:29:48.795Z"
  },
  "sendedpackageID": "",
  "acceptedPackage": false,
  "rejectedPackage": false,
  "quantityPackage": 1,
  "addedPrice": 0
},
{
  "_id": {
    "$oid": "65256dfcbab086526f482ac9"
  },
  "text": "hi",
  "attachment": "",
  "sender": "limon",
  "senderRole": "client",
  "receiver": "abdullahlimon",
  "receiverRole": "instructor",
  "conversationID": "limonabdullahlimon",
  "messageCreatedAT": {
    "$date": "2023-10-10T15:30:04.066Z"
  },
  "messageUpdateAT": {
    "$date": "2023-10-10T15:30:04.066Z"
  },
  "sendedpackageID": "",
  "acceptedPackage": false,
  "rejectedPackage": false,
  "quantityPackage": 1,
  "addedPrice": 0
},
{
  "_id": {
    "$oid": "65256e05bab086526f482ace"
  },
  "text": "i love you",
  "attachment": "",
  "sender": "limon",
  "senderRole": "client",
  "receiver": "abdullahlimon",
  "receiverRole": "instructor",
  "conversationID": "limonabdullahlimon",
  "messageCreatedAT": {
    "$date": "2023-10-10T15:30:13.180Z"
  },
  "messageUpdateAT": {
    "$date": "2023-10-10T15:30:13.180Z"
  },
  "sendedpackageID": "",
  "acceptedPackage": false,
  "rejectedPackage": false,
  "quantityPackage": 1,
  "addedPrice": 0
},
{
  "_id": {
    "$oid": "65256e18bab086526f482ad3"
  },
  "text": "do you know me",
  "attachment": "",
  "sender": "limon",
  "senderRole": "client",
  "receiver": "abdullahlimon",
  "receiverRole": "instructor",
  "conversationID": "limonabdullahlimon",
  "messageCreatedAT": {
    "$date": "2023-10-10T15:30:32.904Z"
  },
  "messageUpdateAT": {
    "$date": "2023-10-10T15:30:32.904Z"
  },
  "sendedpackageID": "",
  "acceptedPackage": false,
  "rejectedPackage": false,
  "quantityPackage": 1,
  "addedPrice": 0
},
{
  "_id": {
    "$oid": "65256e1fbab086526f482ad8"
  },
  "text": "yes?",
  "attachment": "",
  "sender": "limon",
  "senderRole": "client",
  "receiver": "abdullahlimon",
  "receiverRole": "instructor",
  "conversationID": "limonabdullahlimon",
  "messageCreatedAT": {
    "$date": "2023-10-10T15:30:39.770Z"
  },
  "messageUpdateAT": {
    "$date": "2023-10-10T15:30:39.770Z"
  },
  "sendedpackageID": "",
  "acceptedPackage": false,
  "rejectedPackage": false,
  "quantityPackage": 1,
  "addedPrice": 0
},
{
  "_id": {
    "$oid": "65256e3abab086526f482add"
  },
  "text": "ami apnake janabo inshaAllah obosshoi amakeo shobai kore dien apo apni ki Gazipur ae thaken ",
  "attachment": "",
  "sender": "limon",
  "senderRole": "client",
  "receiver": "abdullahlimon",
  "receiverRole": "instructor",
  "conversationID": "limonabdullahlimon",
  "messageCreatedAT": {
    "$date": "2023-10-10T15:31:06.557Z"
  },
  "messageUpdateAT": {
    "$date": "2023-10-10T15:31:06.557Z"
  },
  "sendedpackageID": "",
  "acceptedPackage": false,
  "rejectedPackage": false,
  "quantityPackage": 1,
  "addedPrice": 0
},
{
  "_id": {
    "$oid": "65256f4ebab086526f482b37"
  },
  "text": "I like your site",
  "attachment": "",
  "sender": "limon",
  "senderRole": "client",
  "receiver": "limon",
  "receiverRole": "instructor",
  "conversationID": "limonlimon",
  "messageCreatedAT": {
    "$date": "2023-10-10T15:35:42.181Z"
  },
  "messageUpdateAT": {
    "$date": "2023-10-10T15:35:42.181Z"
  },
  "sendedpackageID": "",
  "acceptedPackage": false,
  "rejectedPackage": false,
  "quantityPackage": 1,
  "addedPrice": 0
},
{
  "_id": {
    "$oid": "652585b9cc626823bb547597"
  },
  "text": "heelo",
  "attachment": "",
  "sender": "limon",
  "senderRole": "client",
  "receiver": "limon",
  "receiverRole": "instructor",
  "conversationID": "limonlimon",
  "messageCreatedAT": {
    "$date": "2023-10-10T17:11:21.787Z"
  },
  "messageUpdateAT": {
    "$date": "2023-10-10T17:11:21.787Z"
  },
  "sendedpackageID": "",
  "acceptedPackage": false,
  "rejectedPackage": false,
  "quantityPackage": 1,
  "addedPrice": 0
},
{
  "_id": {
    "$oid": "652585c4cc626823bb5475aa"
  },
  "text": "are you ok",
  "attachment": "",
  "sender": "limon",
  "senderRole": "instructor",
  "receiver": "limon",
  "receiverRole": "client",
  "conversationID": "limonlimon",
  "messageCreatedAT": {
    "$date": "2023-10-10T17:11:32.561Z"
  },
  "messageUpdateAT": {
    "$date": "2023-10-10T17:11:32.561Z"
  },
  "sendedpackageID": "",
  "acceptedPackage": false,
  "rejectedPackage": false,
  "quantityPackage": 1,
  "addedPrice": 0
},
{
  "_id": {
    "$oid": "652585f3cc626823bb5475c1"
  },
  "text": "ok",
  "attachment": "",
  "sender": "limon",
  "senderRole": "instructor",
  "receiver": "limon",
  "receiverRole": "client",
  "conversationID": "limonlimon",
  "messageCreatedAT": {
    "$date": "2023-10-10T17:12:19.873Z"
  },
  "messageUpdateAT": {
    "$date": "2023-10-10T17:12:19.873Z"
  },
  "sendedpackageID": "",
  "acceptedPackage": false,
  "rejectedPackage": false,
  "quantityPackage": 1,
  "addedPrice": 0
},
{
  "_id": {
    "$oid": "6525863ecc626823bb547640"
  },
  "text": "oi",
  "attachment": "",
  "sender": "abdullahlimon",
  "senderRole": "instructor",
  "receiver": "limon",
  "receiverRole": "client",
  "conversationID": "limonabdullahlimon",
  "messageCreatedAT": {
    "$date": "2023-10-10T17:13:34.584Z"
  },
  "messageUpdateAT": {
    "$date": "2023-10-10T17:13:34.584Z"
  },
  "sendedpackageID": "",
  "acceptedPackage": false,
  "rejectedPackage": false,
  "quantityPackage": 1,
  "addedPrice": 0
},
{
  "_id": {
    "$oid": "65258663cc626823bb5476b0"
  },
  "text": "hello",
  "attachment": "",
  "sender": "abdullahlimon",
  "senderRole": "instructor",
  "receiver": "limon",
  "receiverRole": "client",
  "conversationID": "limonabdullahlimon",
  "messageCreatedAT": {
    "$date": "2023-10-10T17:14:11.845Z"
  },
  "messageUpdateAT": {
    "$date": "2023-10-10T17:14:11.845Z"
  },
  "sendedpackageID": "",
  "acceptedPackage": false,
  "rejectedPackage": false,
  "quantityPackage": 1,
  "addedPrice": 0
},
{
  "_id": {
    "$oid": "652586a7cc626823bb547715"
  },
  "text": "hello",
  "attachment": "",
  "sender": "limon",
  "senderRole": "client",
  "receiver": "abdullahlimon",
  "receiverRole": "instructor",
  "conversationID": "limonabdullahlimon",
  "messageCreatedAT": {
    "$date": "2023-10-10T17:15:19.331Z"
  },
  "messageUpdateAT": {
    "$date": "2023-10-10T17:15:19.332Z"
  },
  "sendedpackageID": "",
  "acceptedPackage": false,
  "rejectedPackage": false,
  "quantityPackage": 1,
  "addedPrice": 0
},
{
  "_id": {
    "$oid": "6525873dcc626823bb547746"
  },
  "text": "hi",
  "attachment": "",
  "sender": "limon",
  "senderRole": "instructor",
  "receiver": "limon",
  "receiverRole": "client",
  "conversationID": "limonlimon",
  "messageCreatedAT": {
    "$date": "2023-10-10T17:17:49.244Z"
  },
  "messageUpdateAT": {
    "$date": "2023-10-10T17:17:49.244Z"
  },
  "sendedpackageID": "",
  "acceptedPackage": false,
  "rejectedPackage": false,
  "quantityPackage": 1,
  "addedPrice": 0
},
{
  "_id": {
    "$oid": "65258748cc626823bb54774f"
  },
  "text": "hello",
  "attachment": "",
  "sender": "limon",
  "senderRole": "client",
  "receiver": "abdullahlimon",
  "receiverRole": "instructor",
  "conversationID": "limonabdullahlimon",
  "messageCreatedAT": {
    "$date": "2023-10-10T17:18:00.513Z"
  },
  "messageUpdateAT": {
    "$date": "2023-10-10T17:18:00.513Z"
  },
  "sendedpackageID": "",
  "acceptedPackage": false,
  "rejectedPackage": false,
  "quantityPackage": 1,
  "addedPrice": 0
},
{
  "_id": {
    "$oid": "65258751cc626823bb547754"
  },
  "text": "I like it",
  "attachment": "",
  "sender": "limon",
  "senderRole": "instructor",
  "receiver": "limon",
  "receiverRole": "client",
  "conversationID": "limonlimon",
  "messageCreatedAT": {
    "$date": "2023-10-10T17:18:09.606Z"
  },
  "messageUpdateAT": {
    "$date": "2023-10-10T17:18:09.606Z"
  },
  "sendedpackageID": "",
  "acceptedPackage": false,
  "rejectedPackage": false,
  "quantityPackage": 1,
  "addedPrice": 0
},
{
  "_id": {
    "$oid": "6525876fcc626823bb547765"
  },
  "text": "hello",
  "attachment": "",
  "sender": "limon",
  "senderRole": "client",
  "receiver": "abdullahlimon",
  "receiverRole": "instructor",
  "conversationID": "limonabdullahlimon",
  "messageCreatedAT": {
    "$date": "2023-10-10T17:18:39.256Z"
  },
  "messageUpdateAT": {
    "$date": "2023-10-10T17:18:39.256Z"
  },
  "sendedpackageID": "",
  "acceptedPackage": false,
  "rejectedPackage": false,
  "quantityPackage": 1,
  "addedPrice": 0
},
{
  "_id": {
    "$oid": "65258773cc626823bb54776a"
  },
  "text": "hi",
  "attachment": "",
  "sender": "limon",
  "senderRole": "client",
  "receiver": "abdullahlimon",
  "receiverRole": "instructor",
  "conversationID": "limonabdullahlimon",
  "messageCreatedAT": {
    "$date": "2023-10-10T17:18:43.779Z"
  },
  "messageUpdateAT": {
    "$date": "2023-10-10T17:18:43.779Z"
  },
  "sendedpackageID": "",
  "acceptedPackage": false,
  "rejectedPackage": false,
  "quantityPackage": 1,
  "addedPrice": 0
},
{
  "_id": {
    "$oid": "6525887ccc626823bb5477c0"
  },
  "text": "hello",
  "attachment": "",
  "sender": "limon",
  "senderRole": "instructor",
  "receiver": "limon",
  "receiverRole": "client",
  "conversationID": "limonlimon",
  "messageCreatedAT": {
    "$date": "2023-10-10T17:23:08.421Z"
  },
  "messageUpdateAT": {
    "$date": "2023-10-10T17:23:08.421Z"
  },
  "sendedpackageID": "",
  "acceptedPackage": false,
  "rejectedPackage": false,
  "quantityPackage": 1,
  "addedPrice": 0
},
{
  "_id": {
    "$oid": "65258886cc626823bb5477cd"
  },
  "text": "i like it",
  "attachment": "",
  "sender": "limon",
  "senderRole": "instructor",
  "receiver": "limon",
  "receiverRole": "client",
  "conversationID": "limonlimon",
  "messageCreatedAT": {
    "$date": "2023-10-10T17:23:18.091Z"
  },
  "messageUpdateAT": {
    "$date": "2023-10-10T17:23:18.091Z"
  },
  "sendedpackageID": "",
  "acceptedPackage": false,
  "rejectedPackage": false,
  "quantityPackage": 1,
  "addedPrice": 0
},
{
  "_id": {
    "$oid": "65258c15cc626823bb54785d"
  },
  "text": "hey",
  "attachment": "",
  "sender": "limon",
  "senderRole": "instructor",
  "receiver": "limon",
  "receiverRole": "client",
  "conversationID": "limonlimon",
  "messageCreatedAT": {
    "$date": "2023-10-10T17:38:29.396Z"
  },
  "messageUpdateAT": {
    "$date": "2023-10-10T17:38:29.396Z"
  },
  "sendedpackageID": "",
  "acceptedPackage": false,
  "rejectedPackage": false,
  "quantityPackage": 1,
  "addedPrice": 0
},
{
  "_id": {
    "$oid": "65258c1bcc626823bb54786e"
  },
  "text": "I like you",
  "attachment": "",
  "sender": "limon",
  "senderRole": "instructor",
  "receiver": "limon",
  "receiverRole": "client",
  "conversationID": "limonlimon",
  "messageCreatedAT": {
    "$date": "2023-10-10T17:38:35.638Z"
  },
  "messageUpdateAT": {
    "$date": "2023-10-10T17:38:35.638Z"
  },
  "sendedpackageID": "",
  "acceptedPackage": false,
  "rejectedPackage": false,
  "quantityPackage": 1,
  "addedPrice": 0
},
{
  "_id": {
    "$oid": "65258c46cc626823bb5478a4"
  },
  "text": "hello",
  "attachment": "",
  "sender": "limon",
  "senderRole": "instructor",
  "receiver": "limon",
  "receiverRole": "client",
  "conversationID": "limonlimon",
  "messageCreatedAT": {
    "$date": "2023-10-10T17:39:18.454Z"
  },
  "messageUpdateAT": {
    "$date": "2023-10-10T17:39:18.454Z"
  },
  "sendedpackageID": "",
  "acceptedPackage": false,
  "rejectedPackage": false,
  "quantityPackage": 1,
  "addedPrice": 0
},
{
  "_id": {
    "$oid": "65258c50cc626823bb5478bd"
  },
  "text": "What happen to you ?",
  "attachment": "",
  "sender": "limon",
  "senderRole": "client",
  "receiver": "limon",
  "receiverRole": "instructor",
  "conversationID": "limonlimon",
  "messageCreatedAT": {
    "$date": "2023-10-10T17:39:28.752Z"
  },
  "messageUpdateAT": {
    "$date": "2023-10-10T17:39:28.752Z"
  },
  "sendedpackageID": "",
  "acceptedPackage": false,
  "rejectedPackage": false,
  "quantityPackage": 1,
  "addedPrice": 0
},
{
  "_id": {
    "$oid": "65258c62cc626823bb5478d6"
  },
  "text": "hello?",
  "attachment": "",
  "sender": "limon",
  "senderRole": "client",
  "receiver": "limon",
  "receiverRole": "instructor",
  "conversationID": "limonlimon",
  "messageCreatedAT": {
    "$date": "2023-10-10T17:39:46.855Z"
  },
  "messageUpdateAT": {
    "$date": "2023-10-10T17:39:46.855Z"
  },
  "sendedpackageID": "",
  "acceptedPackage": false,
  "rejectedPackage": false,
  "quantityPackage": 1,
  "addedPrice": 0
},
{
  "_id": {
    "$oid": "65258cf8cc626823bb547933"
  },
  "text": "oi",
  "attachment": "",
  "sender": "limon",
  "senderRole": "client",
  "receiver": "limon",
  "receiverRole": "instructor",
  "conversationID": "limonlimon",
  "messageCreatedAT": {
    "$date": "2023-10-10T17:42:16.281Z"
  },
  "messageUpdateAT": {
    "$date": "2023-10-10T17:42:16.281Z"
  },
  "sendedpackageID": "",
  "acceptedPackage": false,
  "rejectedPackage": false,
  "quantityPackage": 1,
  "addedPrice": 0
},
{
  "_id": {
    "$oid": "65258d48cc626823bb547960"
  },
  "text": "obostha valo na",
  "attachment": "",
  "sender": "limon",
  "senderRole": "client",
  "receiver": "limon",
  "receiverRole": "instructor",
  "conversationID": "limonlimon",
  "messageCreatedAT": {
    "$date": "2023-10-10T17:43:36.572Z"
  },
  "messageUpdateAT": {
    "$date": "2023-10-10T17:43:36.572Z"
  },
  "sendedpackageID": "",
  "acceptedPackage": false,
  "rejectedPackage": false,
  "quantityPackage": 1,
  "addedPrice": 0
},
{
  "_id": {
    "$oid": "65258d90cc626823bb547989"
  },
  "text": "hi",
  "attachment": "",
  "sender": "limon",
  "senderRole": "client",
  "receiver": "limon",
  "receiverRole": "instructor",
  "conversationID": "limonlimon",
  "messageCreatedAT": {
    "$date": "2023-10-10T17:44:48.996Z"
  },
  "messageUpdateAT": {
    "$date": "2023-10-10T17:44:48.996Z"
  },
  "sendedpackageID": "",
  "acceptedPackage": false,
  "rejectedPackage": false,
  "quantityPackage": 1,
  "addedPrice": 0
},
{
  "_id": {
    "$oid": "65258d9fcc626823bb547992"
  },
  "text": "Oh my god. you are online ?",
  "attachment": "",
  "sender": "limon",
  "senderRole": "instructor",
  "receiver": "limon",
  "receiverRole": "client",
  "conversationID": "limonlimon",
  "messageCreatedAT": {
    "$date": "2023-10-10T17:45:03.196Z"
  },
  "messageUpdateAT": {
    "$date": "2023-10-10T17:45:03.196Z"
  },
  "sendedpackageID": "",
  "acceptedPackage": false,
  "rejectedPackage": false,
  "quantityPackage": 1,
  "addedPrice": 0
},
{
  "_id": {
    "$oid": "65258db0cc626823bb54799f"
  },
  "text": "yes",
  "attachment": "",
  "sender": "limon",
  "senderRole": "client",
  "receiver": "limon",
  "receiverRole": "instructor",
  "conversationID": "limonlimon",
  "messageCreatedAT": {
    "$date": "2023-10-10T17:45:20.632Z"
  },
  "messageUpdateAT": {
    "$date": "2023-10-10T17:45:20.632Z"
  },
  "sendedpackageID": "",
  "acceptedPackage": false,
  "rejectedPackage": false,
  "quantityPackage": 1,
  "addedPrice": 0
},
{
  "_id": {
    "$oid": "6525efa8cc626823bb547a4f"
  },
  "text": "hello",
  "attachment": "",
  "sender": "limon",
  "senderRole": "instructor",
  "receiver": "limon",
  "receiverRole": "client",
  "conversationID": "limonlimon",
  "messageCreatedAT": {
    "$date": "2023-10-11T00:43:20.639Z"
  },
  "messageUpdateAT": {
    "$date": "2023-10-11T00:43:20.639Z"
  },
  "sendedpackageID": "",
  "acceptedPackage": false,
  "rejectedPackage": false,
  "quantityPackage": 1,
  "addedPrice": 0
},
{
  "_id": {
    "$oid": "6525efb7cc626823bb547a62"
  },
  "text": "Hi",
  "attachment": "",
  "sender": "limon",
  "senderRole": "client",
  "receiver": "limon",
  "receiverRole": "instructor",
  "conversationID": "limonlimon",
  "messageCreatedAT": {
    "$date": "2023-10-11T00:43:35.382Z"
  },
  "messageUpdateAT": {
    "$date": "2023-10-11T00:43:35.382Z"
  },
  "sendedpackageID": "",
  "acceptedPackage": false,
  "rejectedPackage": false,
  "quantityPackage": 1,
  "addedPrice": 0
},
{
  "_id": {
    "$oid": "6525f15dcc626823bb547b0f"
  },
  "text": "hello",
  "attachment": "",
  "sender": "limon",
  "senderRole": "client",
  "receiver": "limon",
  "receiverRole": "instructor",
  "conversationID": "limonlimon",
  "messageCreatedAT": {
    "$date": "2023-10-11T00:50:37.224Z"
  },
  "messageUpdateAT": {
    "$date": "2023-10-11T00:50:37.224Z"
  },
  "sendedpackageID": "",
  "acceptedPackage": false,
  "rejectedPackage": false,
  "quantityPackage": 1,
  "addedPrice": 0
},
{
  "_id": {
    "$oid": "6525f355cc626823bb547b62"
  },
  "text": "you",
  "attachment": "",
  "sender": "limon",
  "senderRole": "instructor",
  "receiver": "limon",
  "receiverRole": "client",
  "conversationID": "limonlimon",
  "messageCreatedAT": {
    "$date": "2023-10-11T00:59:01.496Z"
  },
  "messageUpdateAT": {
    "$date": "2023-10-11T00:59:01.496Z"
  },
  "sendedpackageID": "",
  "acceptedPackage": false,
  "rejectedPackage": false,
  "quantityPackage": 1,
  "addedPrice": 0
},
{
  "_id": {
    "$oid": "6525f469cc626823bb547b9d"
  },
  "text": "hi",
  "attachment": "",
  "sender": "limon",
  "senderRole": "instructor",
  "receiver": "limon",
  "receiverRole": "client",
  "conversationID": "limonlimon",
  "messageCreatedAT": {
    "$date": "2023-10-11T01:03:37.884Z"
  },
  "messageUpdateAT": {
    "$date": "2023-10-11T01:03:37.884Z"
  },
  "sendedpackageID": "",
  "acceptedPackage": false,
  "rejectedPackage": false,
  "quantityPackage": 1,
  "addedPrice": 0
},
{
  "_id": {
    "$oid": "6525f473cc626823bb547baf"
  },
  "text": "hello",
  "attachment": "",
  "sender": "limon",
  "senderRole": "instructor",
  "receiver": "limon",
  "receiverRole": "client",
  "conversationID": "limonlimon",
  "messageCreatedAT": {
    "$date": "2023-10-11T01:03:47.829Z"
  },
  "messageUpdateAT": {
    "$date": "2023-10-11T01:03:47.829Z"
  },
  "sendedpackageID": "",
  "acceptedPackage": false,
  "rejectedPackage": false,
  "quantityPackage": 1,
  "addedPrice": 0
},
{
  "_id": {
    "$oid": "6525f4f3cc626823bb547c50"
  },
  "text": "hi",
  "attachment": "",
  "sender": "limon",
  "senderRole": "instructor",
  "receiver": "limon",
  "receiverRole": "client",
  "conversationID": "limonlimon",
  "messageCreatedAT": {
    "$date": "2023-10-11T01:05:55.373Z"
  },
  "messageUpdateAT": {
    "$date": "2023-10-11T01:05:55.373Z"
  },
  "sendedpackageID": "",
  "acceptedPackage": false,
  "rejectedPackage": false,
  "quantityPackage": 1,
  "addedPrice": 0
},
{
  "_id": {
    "$oid": "6525f55acc626823bb547cc8"
  },
  "text": "hi",
  "attachment": "",
  "sender": "limon",
  "senderRole": "instructor",
  "receiver": "limon",
  "receiverRole": "client",
  "conversationID": "limonlimon",
  "messageCreatedAT": {
    "$date": "2023-10-11T01:07:38.210Z"
  },
  "messageUpdateAT": {
    "$date": "2023-10-11T01:07:38.210Z"
  },
  "sendedpackageID": "",
  "acceptedPackage": false,
  "rejectedPackage": false,
  "quantityPackage": 1,
  "addedPrice": 0
},
{
  "_id": {
    "$oid": "65267b26fec9d304d951aa5a"
  },
  "text": "Hi",
  "attachment": "",
  "sender": "limon",
  "senderRole": "instructor",
  "receiver": "limon",
  "receiverRole": "client",
  "conversationID": "limonlimon",
  "messageCreatedAT": {
    "$date": "2023-10-11T10:38:30.690Z"
  },
  "messageUpdateAT": {
    "$date": "2023-10-11T10:38:30.690Z"
  },
  "sendedpackageID": "",
  "acceptedPackage": false,
  "rejectedPackage": false,
  "quantityPackage": 1,
  "addedPrice": 0
},
{
  "_id": {
    "$oid": "65267c74fec9d304d951aacb"
  },
  "text": "hi",
  "attachment": "",
  "sender": "limon",
  "senderRole": "client",
  "receiver": "abdullahlimon",
  "receiverRole": "instructor",
  "conversationID": "limonabdullahlimon",
  "messageCreatedAT": {
    "$date": "2023-10-11T10:44:04.197Z"
  },
  "messageUpdateAT": {
    "$date": "2023-10-11T10:44:04.197Z"
  },
  "sendedpackageID": "",
  "acceptedPackage": false,
  "rejectedPackage": false,
  "quantityPackage": 1,
  "addedPrice": 0
},
{
  "_id": {
    "$oid": "65267c7afec9d304d951aad5"
  },
  "text": "hoo",
  "attachment": "",
  "sender": "limon",
  "senderRole": "client",
  "receiver": "abdullahlimon",
  "receiverRole": "instructor",
  "conversationID": "limonabdullahlimon",
  "messageCreatedAT": {
    "$date": "2023-10-11T10:44:10.452Z"
  },
  "messageUpdateAT": {
    "$date": "2023-10-11T10:44:10.452Z"
  },
  "sendedpackageID": "",
  "acceptedPackage": false,
  "rejectedPackage": false,
  "quantityPackage": 1,
  "addedPrice": 0
},
{
  "_id": {
    "$oid": "65267c9efec9d304d951aadf"
  },
  "text": "hi",
  "attachment": "/uploads/1697021084592-983475241.jpg",
  "sender": "limon",
  "senderRole": "client",
  "receiver": "abdullahlimon",
  "receiverRole": "instructor",
  "conversationID": "limonabdullahlimon",
  "messageCreatedAT": {
    "$date": "2023-10-11T10:44:46.042Z"
  },
  "messageUpdateAT": {
    "$date": "2023-10-11T10:44:46.042Z"
  },
  "sendedpackageID": "",
  "acceptedPackage": false,
  "rejectedPackage": false,
  "quantityPackage": 1,
  "addedPrice": 0
},
{
  "_id": {
    "$oid": "65267d24fec9d304d951ab23"
  },
  "text": "here",
  "attachment": "",
  "sender": "limon",
  "senderRole": "instructor",
  "receiver": "limon",
  "receiverRole": "client",
  "conversationID": "limonlimon",
  "messageCreatedAT": {
    "$date": "2023-10-11T10:47:00.177Z"
  },
  "messageUpdateAT": {
    "$date": "2023-10-11T17:51:23.711Z"
  },
  "sendedpackageID": "pk06",
  "acceptedPackage": true,
  "rejectedPackage": false,
  "quantityPackage": 1,
  "addedPrice": 0
},
{
  "_id": {
    "$oid": "6526ad17e387ec429c0e3231"
  },
  "text": "hi",
  "attachment": "",
  "sender": "limon",
  "senderRole": "client",
  "receiver": "limon",
  "receiverRole": "instructor",
  "conversationID": "limonlimon",
  "messageCreatedAT": {
    "$date": "2023-10-11T14:11:35.489Z"
  },
  "messageUpdateAT": {
    "$date": "2023-10-11T14:11:35.489Z"
  },
  "sendedpackageID": "",
  "acceptedPackage": false,
  "rejectedPackage": false,
  "quantityPackage": 1,
  "addedPrice": 0
},
{
  "_id": {
    "$oid": "6526e019e387ec429c0e3ebc"
  },
  "text": "আমার নাম লিমন",
  "attachment": "",
  "sender": "limon",
  "senderRole": "client",
  "receiver": "limon",
  "receiverRole": "instructor",
  "conversationID": "limonlimon",
  "messageCreatedAT": {
    "$date": "2023-10-11T17:49:13.531Z"
  },
  "messageUpdateAT": {
    "$date": "2023-10-11T17:49:13.531Z"
  },
  "sendedpackageID": "",
  "acceptedPackage": false,
  "rejectedPackage": false,
  "quantityPackage": 1,
  "addedPrice": 0
},
{
  "_id": {
    "$oid": "6526e062e387ec429c0e3ec4"
  },
  "text": "كيف حالك",
  "attachment": "",
  "sender": "limon",
  "senderRole": "client",
  "receiver": "limon",
  "receiverRole": "instructor",
  "conversationID": "limonlimon",
  "messageCreatedAT": {
    "$date": "2023-10-11T17:50:26.086Z"
  },
  "messageUpdateAT": {
    "$date": "2023-10-11T17:50:26.086Z"
  },
  "sendedpackageID": "",
  "acceptedPackage": false,
  "rejectedPackage": false,
  "quantityPackage": 1,
  "addedPrice": 0
},
{
  "_id": {
    "$oid": "6526e1b0e387ec429c0e3f97"
  },
  "text": "আসসালামু আলাইকুম ভাই।",
  "attachment": "",
  "sender": "limon",
  "senderRole": "client",
  "receiver": "limon",
  "receiverRole": "instructor",
  "conversationID": "limonlimon",
  "messageCreatedAT": {
    "$date": "2023-10-11T17:56:00.286Z"
  },
  "messageUpdateAT": {
    "$date": "2023-10-11T17:56:00.286Z"
  },
  "sendedpackageID": "",
  "acceptedPackage": false,
  "rejectedPackage": false,
  "quantityPackage": 1,
  "addedPrice": 0
},
{
  "_id": {
    "$oid": "6526e1bee387ec429c0e3fa7"
  },
  "text": "হেলো",
  "attachment": "",
  "sender": "limon",
  "senderRole": "client",
  "receiver": "limon",
  "receiverRole": "instructor",
  "conversationID": "limonlimon",
  "messageCreatedAT": {
    "$date": "2023-10-11T17:56:14.966Z"
  },
  "messageUpdateAT": {
    "$date": "2023-10-11T17:56:14.966Z"
  },
  "sendedpackageID": "",
  "acceptedPackage": false,
  "rejectedPackage": false,
  "quantityPackage": 1,
  "addedPrice": 0
},
{
  "_id": {
    "$oid": "6526e20be387ec429c0e3ff7"
  },
  "text": "কি হল",
  "attachment": "",
  "sender": "limon",
  "senderRole": "client",
  "receiver": "limon",
  "receiverRole": "instructor",
  "conversationID": "limonlimon",
  "messageCreatedAT": {
    "$date": "2023-10-11T17:57:31.089Z"
  },
  "messageUpdateAT": {
    "$date": "2023-10-11T17:57:31.089Z"
  },
  "sendedpackageID": "",
  "acceptedPackage": false,
  "rejectedPackage": false,
  "quantityPackage": 1,
  "addedPrice": 0
},
{
  "_id": {
    "$oid": "6526e367e387ec429c0e4114"
  },
  "text": "hi",
  "attachment": "",
  "sender": "limon",
  "senderRole": "instructor",
  "receiver": "limon",
  "receiverRole": "client",
  "conversationID": "limonlimon",
  "messageCreatedAT": {
    "$date": "2023-10-11T18:03:19.807Z"
  },
  "messageUpdateAT": {
    "$date": "2023-10-11T18:03:19.807Z"
  },
  "sendedpackageID": "",
  "acceptedPackage": false,
  "rejectedPackage": false,
  "quantityPackage": 1,
  "addedPrice": 0
},
{
  "_id": {
    "$oid": "6526e382e387ec429c0e4130"
  },
  "text": "hmm",
  "attachment": "",
  "sender": "limon",
  "senderRole": "client",
  "receiver": "limon",
  "receiverRole": "instructor",
  "conversationID": "limonlimon",
  "messageCreatedAT": {
    "$date": "2023-10-11T18:03:46.824Z"
  },
  "messageUpdateAT": {
    "$date": "2023-10-11T18:03:46.824Z"
  },
  "sendedpackageID": "",
  "acceptedPackage": false,
  "rejectedPackage": false,
  "quantityPackage": 1,
  "addedPrice": 0
},
{
  "_id": {
    "$oid": "6526e67de387ec429c0e414c"
  },
  "text": "ki hoilo",
  "attachment": "",
  "sender": "limon",
  "senderRole": "client",
  "receiver": "limon",
  "receiverRole": "instructor",
  "conversationID": "limonlimon",
  "messageCreatedAT": {
    "$date": "2023-10-11T18:16:29.590Z"
  },
  "messageUpdateAT": {
    "$date": "2023-10-11T18:16:29.590Z"
  },
  "sendedpackageID": "",
  "acceptedPackage": false,
  "rejectedPackage": false,
  "quantityPackage": 1,
  "addedPrice": 0
},
{
  "_id": {
    "$oid": "6526e7a2e387ec429c0e4190"
  },
  "text": "hi",
  "attachment": "",
  "sender": "limon",
  "senderRole": "client",
  "receiver": "limon",
  "receiverRole": "instructor",
  "conversationID": "limonlimon",
  "messageCreatedAT": {
    "$date": "2023-10-11T18:21:22.741Z"
  },
  "messageUpdateAT": {
    "$date": "2023-10-11T18:21:22.741Z"
  },
  "sendedpackageID": "",
  "acceptedPackage": false,
  "rejectedPackage": false,
  "quantityPackage": 1,
  "addedPrice": 0
},
{
  "_id": {
    "$oid": "6526e7b2e387ec429c0e41a2"
  },
  "text": "hello",
  "attachment": "",
  "sender": "limon",
  "senderRole": "instructor",
  "receiver": "limon",
  "receiverRole": "client",
  "conversationID": "limonlimon",
  "messageCreatedAT": {
    "$date": "2023-10-11T18:21:38.537Z"
  },
  "messageUpdateAT": {
    "$date": "2023-10-11T18:21:38.537Z"
  },
  "sendedpackageID": "",
  "acceptedPackage": false,
  "rejectedPackage": false,
  "quantityPackage": 1,
  "addedPrice": 0
},
{
  "_id": {
    "$oid": "6526e7cde387ec429c0e41b4"
  },
  "text": "valo asen ?",
  "attachment": "",
  "sender": "limon",
  "senderRole": "client",
  "receiver": "abdullahlimon",
  "receiverRole": "instructor",
  "conversationID": "limonabdullahlimon",
  "messageCreatedAT": {
    "$date": "2023-10-11T18:22:05.988Z"
  },
  "messageUpdateAT": {
    "$date": "2023-10-11T18:22:05.988Z"
  },
  "sendedpackageID": "",
  "acceptedPackage": false,
  "rejectedPackage": false,
  "quantityPackage": 1,
  "addedPrice": 0
},
{
  "_id": {
    "$oid": "6526eb78e387ec429c0e41df"
  },
  "text": "hello",
  "attachment": "",
  "sender": "limon",
  "senderRole": "instructor",
  "receiver": "limon",
  "receiverRole": "client",
  "conversationID": "limonlimon",
  "messageCreatedAT": {
    "$date": "2023-10-11T18:37:44.884Z"
  },
  "messageUpdateAT": {
    "$date": "2023-10-11T18:37:44.884Z"
  },
  "sendedpackageID": "",
  "acceptedPackage": false,
  "rejectedPackage": false,
  "quantityPackage": 1,
  "addedPrice": 0
},
{
  "_id": {
    "$oid": "6526eb80e387ec429c0e41f1"
  },
  "text": "hi",
  "attachment": "",
  "sender": "limon",
  "senderRole": "client",
  "receiver": "limon",
  "receiverRole": "instructor",
  "conversationID": "limonlimon",
  "messageCreatedAT": {
    "$date": "2023-10-11T18:37:52.068Z"
  },
  "messageUpdateAT": {
    "$date": "2023-10-11T18:37:52.068Z"
  },
  "sendedpackageID": "",
  "acceptedPackage": false,
  "rejectedPackage": false,
  "quantityPackage": 1,
  "addedPrice": 0
},
{
  "_id": {
    "$oid": "6526ebdde387ec429c0e4238"
  },
  "text": "hello",
  "attachment": "",
  "sender": "limon",
  "senderRole": "instructor",
  "receiver": "limon",
  "receiverRole": "client",
  "conversationID": "limonlimon",
  "messageCreatedAT": {
    "$date": "2023-10-11T18:39:25.456Z"
  },
  "messageUpdateAT": {
    "$date": "2023-10-11T18:39:25.456Z"
  },
  "sendedpackageID": "",
  "acceptedPackage": false,
  "rejectedPackage": false,
  "quantityPackage": 1,
  "addedPrice": 0
},
{
  "_id": {
    "$oid": "6526ebe5e387ec429c0e4254"
  },
  "text": "hi",
  "attachment": "",
  "sender": "limon",
  "senderRole": "client",
  "receiver": "limon",
  "receiverRole": "instructor",
  "conversationID": "limonlimon",
  "messageCreatedAT": {
    "$date": "2023-10-11T18:39:33.416Z"
  },
  "messageUpdateAT": {
    "$date": "2023-10-11T18:39:33.416Z"
  },
  "sendedpackageID": "",
  "acceptedPackage": false,
  "rejectedPackage": false,
  "quantityPackage": 1,
  "addedPrice": 0
},
{
  "_id": {
    "$oid": "6526ec20e387ec429c0e4292"
  },
  "text": "hi",
  "attachment": "",
  "sender": "limon",
  "senderRole": "client",
  "receiver": "limon",
  "receiverRole": "instructor",
  "conversationID": "limonlimon",
  "messageCreatedAT": {
    "$date": "2023-10-11T18:40:32.741Z"
  },
  "messageUpdateAT": {
    "$date": "2023-10-11T18:40:32.741Z"
  },
  "sendedpackageID": "",
  "acceptedPackage": false,
  "rejectedPackage": false,
  "quantityPackage": 1,
  "addedPrice": 0
},
{
  "_id": {
    "$oid": "6526ec4ee387ec429c0e42c0"
  },
  "text": "hello",
  "attachment": "",
  "sender": "limon",
  "senderRole": "instructor",
  "receiver": "limon",
  "receiverRole": "client",
  "conversationID": "limonlimon",
  "messageCreatedAT": {
    "$date": "2023-10-11T18:41:18.579Z"
  },
  "messageUpdateAT": {
    "$date": "2023-10-11T18:41:18.579Z"
  },
  "sendedpackageID": "",
  "acceptedPackage": false,
  "rejectedPackage": false,
  "quantityPackage": 1,
  "addedPrice": 0
},
{
  "_id": {
    "$oid": "6526ec59e387ec429c0e42d0"
  },
  "text": "ki koro",
  "attachment": "",
  "sender": "limon",
  "senderRole": "instructor",
  "receiver": "limon",
  "receiverRole": "client",
  "conversationID": "limonlimon",
  "messageCreatedAT": {
    "$date": "2023-10-11T18:41:29.419Z"
  },
  "messageUpdateAT": {
    "$date": "2023-10-11T18:41:29.419Z"
  },
  "sendedpackageID": "",
  "acceptedPackage": false,
  "rejectedPackage": false,
  "quantityPackage": 1,
  "addedPrice": 0
},
{
  "_id": {
    "$oid": "6526ed23e387ec429c0e431d"
  },
  "text": "hi",
  "attachment": "",
  "sender": "limon",
  "senderRole": "instructor",
  "receiver": "limon",
  "receiverRole": "client",
  "conversationID": "limonlimon",
  "messageCreatedAT": {
    "$date": "2023-10-11T18:44:51.715Z"
  },
  "messageUpdateAT": {
    "$date": "2023-10-11T18:44:51.715Z"
  },
  "sendedpackageID": "",
  "acceptedPackage": false,
  "rejectedPackage": false,
  "quantityPackage": 1,
  "addedPrice": 0
},
{
  "_id": {
    "$oid": "6526ed5fe387ec429c0e4392"
  },
  "text": "hello",
  "attachment": "",
  "sender": "limon",
  "senderRole": "instructor",
  "receiver": "limon",
  "receiverRole": "client",
  "conversationID": "limonlimon",
  "messageCreatedAT": {
    "$date": "2023-10-11T18:45:51.475Z"
  },
  "messageUpdateAT": {
    "$date": "2023-10-11T18:45:51.475Z"
  },
  "sendedpackageID": "",
  "acceptedPackage": false,
  "rejectedPackage": false,
  "quantityPackage": 1,
  "addedPrice": 0
},
{
  "_id": {
    "$oid": "6526ed65e387ec429c0e43a8"
  },
  "text": "hello",
  "attachment": "",
  "sender": "limon",
  "senderRole": "instructor",
  "receiver": "limon",
  "receiverRole": "client",
  "conversationID": "limonlimon",
  "messageCreatedAT": {
    "$date": "2023-10-11T18:45:57.989Z"
  },
  "messageUpdateAT": {
    "$date": "2023-10-11T18:45:57.989Z"
  },
  "sendedpackageID": "",
  "acceptedPackage": false,
  "rejectedPackage": false,
  "quantityPackage": 1,
  "addedPrice": 0
},
{
  "_id": {
    "$oid": "6526eda7e387ec429c0e43e8"
  },
  "text": "oi",
  "attachment": "",
  "sender": "limon",
  "senderRole": "instructor",
  "receiver": "limon",
  "receiverRole": "client",
  "conversationID": "limonlimon",
  "messageCreatedAT": {
    "$date": "2023-10-11T18:47:03.356Z"
  },
  "messageUpdateAT": {
    "$date": "2023-10-11T18:47:03.356Z"
  },
  "sendedpackageID": "",
  "acceptedPackage": false,
  "rejectedPackage": false,
  "quantityPackage": 1,
  "addedPrice": 0
},
{
  "_id": {
    "$oid": "6526edafe387ec429c0e43f6"
  },
  "text": "hello",
  "attachment": "",
  "sender": "limon",
  "senderRole": "instructor",
  "receiver": "limon",
  "receiverRole": "client",
  "conversationID": "limonlimon",
  "messageCreatedAT": {
    "$date": "2023-10-11T18:47:11.040Z"
  },
  "messageUpdateAT": {
    "$date": "2023-10-11T18:47:11.040Z"
  },
  "sendedpackageID": "",
  "acceptedPackage": false,
  "rejectedPackage": false,
  "quantityPackage": 1,
  "addedPrice": 0
},
{
  "_id": {
    "$oid": "6526edb5e387ec429c0e4408"
  },
  "text": "hi",
  "attachment": "",
  "sender": "limon",
  "senderRole": "client",
  "receiver": "limon",
  "receiverRole": "instructor",
  "conversationID": "limonlimon",
  "messageCreatedAT": {
    "$date": "2023-10-11T18:47:17.950Z"
  },
  "messageUpdateAT": {
    "$date": "2023-10-11T18:47:17.950Z"
  },
  "sendedpackageID": "",
  "acceptedPackage": false,
  "rejectedPackage": false,
  "quantityPackage": 1,
  "addedPrice": 0
},
{
  "_id": {
    "$oid": "6526efbde387ec429c0e4542"
  },
  "text": "hello",
  "attachment": "",
  "sender": "limon",
  "senderRole": "instructor",
  "receiver": "limon",
  "receiverRole": "client",
  "conversationID": "limonlimon",
  "messageCreatedAT": {
    "$date": "2023-10-11T18:55:57.025Z"
  },
  "messageUpdateAT": {
    "$date": "2023-10-11T18:55:57.025Z"
  },
  "sendedpackageID": "",
  "acceptedPackage": false,
  "rejectedPackage": false,
  "quantityPackage": 1,
  "addedPrice": 0
},
{
  "_id": {
    "$oid": "6526efc4e387ec429c0e4554"
  },
  "text": "i like it",
  "attachment": "",
  "sender": "limon",
  "senderRole": "instructor",
  "receiver": "limon",
  "receiverRole": "client",
  "conversationID": "limonlimon",
  "messageCreatedAT": {
    "$date": "2023-10-11T18:56:04.103Z"
  },
  "messageUpdateAT": {
    "$date": "2023-10-11T18:56:04.103Z"
  },
  "sendedpackageID": "",
  "acceptedPackage": false,
  "rejectedPackage": false,
  "quantityPackage": 1,
  "addedPrice": 0
},
{
  "_id": {
    "$oid": "6526efc9e387ec429c0e4562"
  },
  "text": "ok",
  "attachment": "",
  "sender": "limon",
  "senderRole": "client",
  "receiver": "limon",
  "receiverRole": "instructor",
  "conversationID": "limonlimon",
  "messageCreatedAT": {
    "$date": "2023-10-11T18:56:09.784Z"
  },
  "messageUpdateAT": {
    "$date": "2023-10-11T18:56:09.784Z"
  },
  "sendedpackageID": "",
  "acceptedPackage": false,
  "rejectedPackage": false,
  "quantityPackage": 1,
  "addedPrice": 0
},
{
  "_id": {
    "$oid": "65270086dc75ad499fc1f51b"
  },
  "text": "Hi man ! how are you?",
  "attachment": "",
  "sender": "abdullahlimon",
  "senderRole": "client",
  "receiver": "abdullahlimon",
  "receiverRole": "instructor",
  "conversationID": "abdullahlimonabdullahlimon",
  "messageCreatedAT": {
    "$date": "2023-10-11T20:07:34.668Z"
  },
  "messageUpdateAT": {
    "$date": "2023-10-11T20:07:34.668Z"
  },
  "sendedpackageID": "",
  "acceptedPackage": false,
  "rejectedPackage": false,
  "quantityPackage": 1,
  "addedPrice": 0
},
{
  "_id": {
    "$oid": "652700d4dc75ad499fc1f528"
  },
  "text": "Here is the custom offer",
  "attachment": "",
  "sender": "abdullahlimon",
  "senderRole": "instructor",
  "receiver": "abdullahlimon",
  "receiverRole": "client",
  "conversationID": "abdullahlimonabdullahlimon",
  "messageCreatedAT": {
    "$date": "2023-10-11T20:08:52.167Z"
  },
  "messageUpdateAT": {
    "$date": "2023-10-11T20:09:17.309Z"
  },
  "sendedpackageID": "pk333",
  "acceptedPackage": true,
  "rejectedPackage": false,
  "quantityPackage": 2,
  "addedPrice": 200
},
{
  "_id": {
    "$oid": "65277877ac4aa67dab503f3a"
  },
  "text": "hi",
  "attachment": "",
  "sender": "limon",
  "senderRole": "instructor",
  "receiver": "limon",
  "receiverRole": "client",
  "conversationID": "limonlimon",
  "messageCreatedAT": {
    "$date": "2023-10-12T04:39:19.215Z"
  },
  "messageUpdateAT": {
    "$date": "2023-10-12T04:39:19.215Z"
  },
  "sendedpackageID": "",
  "acceptedPackage": false,
  "rejectedPackage": false,
  "quantityPackage": 1,
  "addedPrice": 0
},
{
  "_id": {
    "$oid": "65277a0fac4aa67dab503f5c"
  },
  "text": "here",
  "attachment": "",
  "sender": "limon",
  "senderRole": "instructor",
  "receiver": "limon",
  "receiverRole": "client",
  "conversationID": "limonlimon",
  "messageCreatedAT": {
    "$date": "2023-10-12T04:46:07.306Z"
  },
  "messageUpdateAT": {
    "$date": "2023-10-12T04:46:07.306Z"
  },
  "sendedpackageID": "pk07",
  "acceptedPackage": false,
  "rejectedPackage": false,
  "quantityPackage": 1,
  "addedPrice": 0
},
{
  "_id": {
    "$oid": "6527b126ac4aa67dab504158"
  },
  "text": "hi",
  "attachment": "",
  "sender": "limon",
  "senderRole": "instructor",
  "receiver": "limon",
  "receiverRole": "client",
  "conversationID": "limonlimon",
  "messageCreatedAT": {
    "$date": "2023-10-12T08:41:10.122Z"
  },
  "messageUpdateAT": {
    "$date": "2023-10-12T08:41:10.122Z"
  },
  "sendedpackageID": "",
  "acceptedPackage": false,
  "rejectedPackage": false,
  "quantityPackage": 1,
  "addedPrice": 0
},
{
  "_id": {
    "$oid": "6527b1caac4aa67dab50415f"
  },
  "text": "he",
  "attachment": "/uploads/1697100232679-300337400.jpg",
  "sender": "limon",
  "senderRole": "instructor",
  "receiver": "limon",
  "receiverRole": "client",
  "conversationID": "limonlimon",
  "messageCreatedAT": {
    "$date": "2023-10-12T08:43:54.091Z"
  },
  "messageUpdateAT": {
    "$date": "2023-10-12T08:43:54.091Z"
  },
  "sendedpackageID": "",
  "acceptedPackage": false,
  "rejectedPackage": false,
  "quantityPackage": 1,
  "addedPrice": 0
},
{
  "_id": {
    "$oid": "6527b311ac4aa67dab504166"
  },
  "text": "here is the offer",
  "attachment": "",
  "sender": "limon",
  "senderRole": "instructor",
  "receiver": "limon",
  "receiverRole": "client",
  "conversationID": "limonlimon",
  "messageCreatedAT": {
    "$date": "2023-10-12T08:49:21.800Z"
  },
  "messageUpdateAT": {
    "$date": "2023-10-12T08:49:21.800Z"
  },
  "sendedpackageID": "pk28",
  "acceptedPackage": false,
  "rejectedPackage": false,
  "quantityPackage": 1,
  "addedPrice": 5000
},
{
  "_id": {
    "$oid": "6527b4c5ac4aa67dab504238"
  },
  "text": "hello man",
  "attachment": "",
  "sender": "abdullahlimon",
  "senderRole": "client",
  "receiver": "abdullahlimon",
  "receiverRole": "instructor",
  "conversationID": "abdullahlimonabdullahlimon",
  "messageCreatedAT": {
    "$date": "2023-10-12T08:56:37.813Z"
  },
  "messageUpdateAT": {
    "$date": "2023-10-12T08:56:37.813Z"
  },
  "sendedpackageID": "",
  "acceptedPackage": false,
  "rejectedPackage": false,
  "quantityPackage": 1,
  "addedPrice": 0
},
{
  "_id": {
    "$oid": "6527b4d5ac4aa67dab504242"
  },
  "text": "how are you? ",
  "attachment": "",
  "sender": "abdullahlimon",
  "senderRole": "client",
  "receiver": "abdullahlimon",
  "receiverRole": "instructor",
  "conversationID": "abdullahlimonabdullahlimon",
  "messageCreatedAT": {
    "$date": "2023-10-12T08:56:53.099Z"
  },
  "messageUpdateAT": {
    "$date": "2023-10-12T08:56:53.099Z"
  },
  "sendedpackageID": "",
  "acceptedPackage": false,
  "rejectedPackage": false,
  "quantityPackage": 1,
  "addedPrice": 0
},
{
  "_id": {
    "$oid": "6527b54fac4aa67dab504256"
  },
  "text": "hello",
  "attachment": "/uploads/1697101134310-264851732.jpg",
  "sender": "abdullahlimon",
  "senderRole": "client",
  "receiver": "abdullahlimon",
  "receiverRole": "instructor",
  "conversationID": "abdullahlimonabdullahlimon",
  "messageCreatedAT": {
    "$date": "2023-10-12T08:58:55.642Z"
  },
  "messageUpdateAT": {
    "$date": "2023-10-12T08:58:55.642Z"
  },
  "sendedpackageID": "",
  "acceptedPackage": false,
  "rejectedPackage": false,
  "quantityPackage": 1,
  "addedPrice": 0
},
{
  "_id": {
    "$oid": "6527b667ac4aa67dab50437c"
  },
  "text": "hello",
  "attachment": "",
  "sender": "abdullahlimon",
  "senderRole": "client",
  "receiver": "limon",
  "receiverRole": "instructor",
  "conversationID": "abdullahlimonlimon",
  "messageCreatedAT": {
    "$date": "2023-10-12T09:03:35.449Z"
  },
  "messageUpdateAT": {
    "$date": "2023-10-12T09:03:35.449Z"
  },
  "sendedpackageID": "",
  "acceptedPackage": false,
  "rejectedPackage": false,
  "quantityPackage": 1,
  "addedPrice": 0
},
{
  "_id": {
    "$oid": "6527b670ac4aa67dab504384"
  },
  "text": "ki khobor",
  "attachment": "",
  "sender": "abdullahlimon",
  "senderRole": "client",
  "receiver": "limon",
  "receiverRole": "instructor",
  "conversationID": "abdullahlimonlimon",
  "messageCreatedAT": {
    "$date": "2023-10-12T09:03:44.108Z"
  },
  "messageUpdateAT": {
    "$date": "2023-10-12T09:03:44.108Z"
  },
  "sendedpackageID": "",
  "acceptedPackage": false,
  "rejectedPackage": false,
  "quantityPackage": 1,
  "addedPrice": 0
},
{
  "_id": {
    "$oid": "65285f7a693d6461eb662790"
  },
  "text": "This is nice design",
  "attachment": "",
  "sender": "abdullahlimon",
  "senderRole": "client",
  "receiver": "abdullahlimon",
  "receiverRole": "instructor",
  "conversationID": "abdullahlimonabdullahlimon",
  "messageCreatedAT": {
    "$date": "2023-10-12T21:04:58.913Z"
  },
  "messageUpdateAT": {
    "$date": "2023-10-12T21:04:58.913Z"
  },
  "sendedpackageID": "",
  "acceptedPackage": false,
  "rejectedPackage": false,
  "quantityPackage": 1,
  "addedPrice": 0
},
{
  "_id": {
    "$oid": "652905b6c78ba416bd2024f9"
  },
  "text": "ff",
  "attachment": "",
  "sender": "limon",
  "senderRole": "instructor",
  "receiver": "limon",
  "receiverRole": "client",
  "conversationID": "limonlimon",
  "messageCreatedAT": {
    "$date": "2023-10-13T08:54:14.269Z"
  },
  "messageUpdateAT": {
    "$date": "2023-10-13T08:54:14.269Z"
  },
  "sendedpackageID": "Order: order-2023101231039822",
  "acceptedPackage": false,
  "rejectedPackage": false,
  "quantityPackage": 1,
  "addedPrice": 0
},
{
  "_id": {
    "$oid": "652905f1c78ba416bd202531"
  },
  "text": "Offer",
  "attachment": "",
  "sender": "limon",
  "senderRole": "instructor",
  "receiver": "limon",
  "receiverRole": "client",
  "conversationID": "limonlimon",
  "messageCreatedAT": {
    "$date": "2023-10-13T08:55:13.663Z"
  },
  "messageUpdateAT": {
    "$date": "2023-10-13T08:55:13.663Z"
  },
  "sendedpackageID": "pk-2023101333735719",
  "acceptedPackage": false,
  "rejectedPackage": false,
  "quantityPackage": 1,
  "addedPrice": 0
},
{
  "_id": {
    "$oid": "65290601c78ba416bd20253f"
  },
  "text": "df",
  "attachment": "",
  "sender": "limon",
  "senderRole": "instructor",
  "receiver": "limon",
  "receiverRole": "client",
  "conversationID": "limonlimon",
  "messageCreatedAT": {
    "$date": "2023-10-13T08:55:29.628Z"
  },
  "messageUpdateAT": {
    "$date": "2023-10-13T08:55:29.628Z"
  },
  "sendedpackageID": "order-2023101231039822",
  "acceptedPackage": false,
  "rejectedPackage": false,
  "quantityPackage": 1,
  "addedPrice": 0
},
{
  "_id": {
    "$oid": "652953d8ac373b81c520ab08"
  },
  "text": "https:/google.com",
  "attachment": "",
  "sender": "limon",
  "senderRole": "instructor",
  "receiver": "limon",
  "receiverRole": "client",
  "conversationID": "limonlimon",
  "messageCreatedAT": {
    "$date": "2023-10-13T14:27:36.279Z"
  },
  "messageUpdateAT": {
    "$date": "2023-10-13T14:27:36.279Z"
  },
  "sendedpackageID": "",
  "acceptedPackage": false,
  "rejectedPackage": false,
  "quantityPackage": 1,
  "addedPrice": 0
},
{
  "_id": {
    "$oid": "65296ea439694fb3f3470c3e"
  },
  "text": "Here is your Ticket",
  "attachment": "/uploads/1697214115831-523889323.png",
  "sender": "limon",
  "senderRole": "instructor",
  "receiver": "limon",
  "receiverRole": "client",
  "conversationID": "limonlimon",
  "messageCreatedAT": {
    "$date": "2023-10-13T16:21:56.025Z"
  },
  "messageUpdateAT": {
    "$date": "2023-10-13T16:21:56.025Z"
  },
  "sendedpackageID": "",
  "acceptedPackage": false,
  "rejectedPackage": false,
  "quantityPackage": 1,
  "addedPrice": 0
},
{
  "_id": {
    "$oid": "652a202b6b283d9c04a058e1"
  },
  "text": "hi",
  "attachment": "",
  "sender": "rabeya23",
  "senderRole": "client",
  "receiver": "limon",
  "receiverRole": "instructor",
  "conversationID": "rabeya23limon",
  "messageCreatedAT": {
    "$date": "2023-10-14T04:59:23.799Z"
  },
  "messageUpdateAT": {
    "$date": "2023-10-14T04:59:23.799Z"
  },
  "sendedpackageID": "",
  "acceptedPackage": false,
  "rejectedPackage": false,
  "quantityPackage": 1,
  "addedPrice": 0
},
{
  "_id": {
    "$oid": "652a20496b283d9c04a058e7"
  },
  "text": "This is my brand",
  "attachment": "/uploads/1697259593844-754724710.jpg",
  "sender": "rabeya23",
  "senderRole": "client",
  "receiver": "limon",
  "receiverRole": "instructor",
  "conversationID": "rabeya23limon",
  "messageCreatedAT": {
    "$date": "2023-10-14T04:59:53.882Z"
  },
  "messageUpdateAT": {
    "$date": "2023-10-14T04:59:53.882Z"
  },
  "sendedpackageID": "",
  "acceptedPackage": false,
  "rejectedPackage": false,
  "quantityPackage": 1,
  "addedPrice": 0
}]