[{
  "_id": {
    "$oid": "64e05f4369f1242446b98401"
  },
  "packageId": "pk01",
  "packageType": "package",
  "packageTitle": "Adventure Islands",
  "packageCreatedDate": {
    "$date": "2023-08-19T06:20:51.283Z"
  },
  "packageUpdatedDate": {
    "$date": "2023-09-09T12:11:30.824Z"
  },
  "createdUser": "limon",
  "createdUserType": "instructor",
  "activeStatus": "active",
  "preset": true,
  "presetUsers": [
    "Max",
    "Limon"
  ],
  "country": "USA",
  "activity": "hiking",
  "difficulty": "high",
  "price": 3000,
  "duration": 5,
  "place": "California",
  "travelTime": {
    "$date": "2023-08-19T05:19:56.781Z"
  },
  "previousExperience": true,
  "equipment": [
    "raincoat"
  ],
  "groupSize": 300,
  "travelDescription": "This is travel Description",
  "haveGuiding": true,
  "haveAccomodation": false,
  "haveFood": true,
  "travelImage": [
    "/images/demo1.jpg",
    "/images/demo2.jpg"
  ]
},
{
  "_id": {
    "$oid": "64e0601869f1242446b98403"
  },
  "packageId": "pk02",
  "packageType": "package",
  "packageTitle": "Adventure Islands",
  "packageCreatedDate": {
    "$date": "2023-08-19T06:24:24.873Z"
  },
  "packageUpdatedDate": {
    "$date": "2023-09-06T10:01:02.883Z"
  },
  "createdUser": "limon",
  "createdUserType": "instructor",
  "activeStatus": "active",
  "preset": true,
  "presetUsers": [
    "Max"
  ],
  "country": "USA",
  "activity": "hiking2",
  "difficulty": "high",
  "price": 3000,
  "duration": 5,
  "place": "California",
  "travelTime": {
    "$date": "2023-08-19T05:20:56.781Z"
  },
  "previousExperience": true,
  "equipment": [
    "raincoat"
  ],
  "groupSize": 200,
  "travelDescription": "This is travel Description",
  "haveGuiding": true,
  "haveAccomodation": true,
  "haveFood": true,
  "travelImage": "/images/demo3.jpg"
},
{
  "_id": {
    "$oid": "64e0602669f1242446b98405"
  },
  "packageId": "pk03",
  "packageType": "package",
  "packageTitle": "Adventure Islands",
  "packageCreatedDate": {
    "$date": "2023-08-19T06:24:38.023Z"
  },
  "packageUpdatedDate": {
    "$date": "2023-08-19T06:24:38.023Z"
  },
  "createdUser": "limon",
  "createdUserType": "instructor",
  "activeStatus": "active",
  "preset": true,
  "presetUsers": [
    "Max"
  ],
  "country": "USA",
  "activity": "hiking",
  "difficulty": "high",
  "price": 3000,
  "duration": 5,
  "place": "California",
  "travelTime": {
    "$date": "2023-08-19T05:21:56.781Z"
  },
  "previousExperience": true,
  "equipment": [
    "raincoat"
  ],
  "groupSize": 3,
  "travelDescription": "This is travel Description",
  "haveGuiding": true,
  "haveAccomodation": true,
  "haveFood": true,
  "travelImage": "/images/demo1.jpg"
},
{
  "_id": {
    "$oid": "64e0603069f1242446b98407"
  },
  "packageId": "pk04",
  "packageType": "package",
  "packageTitle": "Adventure Islands",
  "packageCreatedDate": {
    "$date": "2023-08-19T06:24:48.380Z"
  },
  "packageUpdatedDate": {
    "$date": "2023-08-19T06:24:48.380Z"
  },
  "createdUser": "limon",
  "createdUserType": "instructor",
  "activeStatus": "active",
  "preset": true,
  "presetUsers": [
    "Max"
  ],
  "country": "USA",
  "activity": "hiking",
  "difficulty": "high",
  "price": 3000,
  "duration": 5,
  "place": "California",
  "travelTime": {
    "$date": "2023-08-19T05:22:56.781Z"
  },
  "previousExperience": true,
  "equipment": [
    "raincoat"
  ],
  "groupSize": 3,
  "travelDescription": "This is travel Description",
  "haveGuiding": true,
  "haveAccomodation": true,
  "haveFood": true,
  "travelImage": "/images/demo1.jpg"
},
{
  "_id": {
    "$oid": "64e0604169f1242446b98409"
  },
  "packageId": "pk05",
  "packageType": "package",
  "packageTitle": "Adventure Islands",
  "packageCreatedDate": {
    "$date": "2023-08-19T06:25:05.792Z"
  },
  "packageUpdatedDate": {
    "$date": "2023-10-11T17:31:31.903Z"
  },
  "createdUser": "limon",
  "createdUserType": "instructor",
  "activeStatus": "active",
  "preset": true,
  "presetUsers": [
    "Max"
  ],
  "country": "USA",
  "activity": "hiking",
  "difficulty": "high",
  "price": 3000,
  "duration": 5,
  "place": "California",
  "travelTime": {
    "$date": "2023-08-19T05:23:56.781Z"
  },
  "previousExperience": true,
  "equipment": [
    "raincoat"
  ],
  "groupSize": 3,
  "travelDescription": "This is travel Description",
  "haveGuiding": true,
  "haveAccomodation": true,
  "haveFood": true,
  "travelImage": [
    "/images/demo4.jpg"
  ],
  "reviews": []
},
{
  "_id": {
    "$oid": "64e060d969f1242446b9840b"
  },
  "packageId": "pk06",
  "packageType": "package",
  "packageTitle": "Adventure Islands 1",
  "packageCreatedDate": {
    "$date": "2023-08-19T06:27:37.634Z"
  },
  "packageUpdatedDate": {
    "$date": "2023-10-11T17:30:24.774Z"
  },
  "createdUser": "limon",
  "createdUserType": "instructor",
  "activeStatus": "active",
  "preset": false,
  "presetUsers": [],
  "country": "USA",
  "activity": "hiking",
  "difficulty": "high",
  "price": 3000,
  "duration": 3,
  "place": "California",
  "travelTime": {
    "$date": "2023-08-19T05:23:56.781Z"
  },
  "previousExperience": true,
  "equipment": [
    "raincoat"
  ],
  "groupSize": 3,
  "travelDescription": "This is travel Description",
  "haveGuiding": true,
  "haveAccomodation": true,
  "haveFood": true,
  "travelImage": [
    "/images/demo8.jpg"
  ],
  "reviews": []
},
{
  "_id": {
    "$oid": "64e060e569f1242446b9840d"
  },
  "packageId": "pk07",
  "packageType": "package",
  "packageTitle": "Adventure Islands 2",
  "packageCreatedDate": {
    "$date": "2023-08-19T06:27:49.184Z"
  },
  "packageUpdatedDate": {
    "$date": "2023-08-19T06:27:49.184Z"
  },
  "createdUser": "limon",
  "createdUserType": "instructor",
  "activeStatus": "active",
  "preset": false,
  "presetUsers": [],
  "country": "USA",
  "activity": "hiking",
  "difficulty": "high",
  "price": 3000,
  "duration": 3,
  "place": "California",
  "travelTime": {
    "$date": "2023-08-19T05:23:56.781Z"
  },
  "previousExperience": true,
  "equipment": [
    "raincoat"
  ],
  "groupSize": 3,
  "travelDescription": "This is travel Description",
  "haveGuiding": true,
  "haveAccomodation": true,
  "haveFood": true,
  "travelImage": "/images/demo2.jpg"
},
{
  "_id": {
    "$oid": "64e060ed69f1242446b9840f"
  },
  "packageId": "pk08",
  "packageType": "package",
  "packageTitle": "Adventure Islands 3",
  "packageCreatedDate": {
    "$date": "2023-08-19T06:27:57.288Z"
  },
  "packageUpdatedDate": {
    "$date": "2023-10-11T17:29:57.003Z"
  },
  "createdUser": "limon",
  "createdUserType": "instructor",
  "activeStatus": "active",
  "preset": false,
  "presetUsers": [],
  "country": "USA",
  "activity": "hiking",
  "difficulty": "high",
  "price": 3000,
  "duration": 3,
  "place": "California",
  "travelTime": {
    "$date": "2023-08-19T05:23:56.781Z"
  },
  "previousExperience": true,
  "equipment": [
    "raincoat"
  ],
  "groupSize": 3,
  "travelDescription": "This is travel Description",
  "haveGuiding": true,
  "haveAccomodation": true,
  "haveFood": true,
  "travelImage": [
    "/images/demo3.jpg"
  ],
  "reviews": []
},
{
  "_id": {
    "$oid": "64e060f669f1242446b98411"
  },
  "packageId": "pk09",
  "packageType": "package",
  "packageTitle": "Adventure Islands 4",
  "packageCreatedDate": {
    "$date": "2023-08-19T06:28:06.664Z"
  },
  "packageUpdatedDate": {
    "$date": "2023-08-19T06:28:06.664Z"
  },
  "createdUser": "limon",
  "createdUserType": "instructor",
  "activeStatus": "active",
  "preset": false,
  "presetUsers": [],
  "country": "USA",
  "activity": "hiking",
  "difficulty": "high",
  "price": 3000,
  "duration": 3,
  "place": "California",
  "travelTime": {
    "$date": "2023-08-19T05:23:56.781Z"
  },
  "previousExperience": true,
  "equipment": [
    "raincoat"
  ],
  "groupSize": 3,
  "travelDescription": "This is travel Description",
  "haveGuiding": true,
  "haveAccomodation": true,
  "haveFood": true,
  "travelImage": "/images/demo2.jpg"
},
{
  "_id": {
    "$oid": "64e060fe69f1242446b98413"
  },
  "packageId": "pk10",
  "packageType": "package",
  "packageTitle": "Adventure Islands 5",
  "packageCreatedDate": {
    "$date": "2023-08-19T06:28:14.900Z"
  },
  "packageUpdatedDate": {
    "$date": "2023-10-11T17:29:31.329Z"
  },
  "createdUser": "limon",
  "createdUserType": "instructor",
  "activeStatus": "active",
  "preset": false,
  "presetUsers": [],
  "country": "USA",
  "activity": "hiking",
  "difficulty": "high",
  "price": 2,
  "duration": 3,
  "place": "California",
  "travelTime": {
    "$date": "2023-08-19T05:23:56.781Z"
  },
  "previousExperience": true,
  "equipment": [
    "raincoat"
  ],
  "groupSize": 3,
  "travelDescription": "This is travel Description",
  "haveGuiding": true,
  "haveAccomodation": true,
  "haveFood": true,
  "travelImage": [
    "/images/demo5.jpg"
  ],
  "reviews": [
    {
      "commentedUser": "Rabeya",
      "reviewStarCount": 5,
      "commentBody": "This is good review",
      "createdDate": {
        "$date": "2023-09-20T11:48:58.539Z"
      },
      "activeStatus": true,
      "_id": {
        "$oid": "650adc2a0c263192acdb0f6e"
      }
    },
    {
      "commentedUser": "limon",
      "reviewStarCount": 4,
      "commentBody": "Valo na",
      "createdDate": {
        "$date": "2023-09-20T11:50:09.869Z"
      },
      "activeStatus": true,
      "_id": {
        "$oid": "650adc710c263192acdb0f9f"
      }
    }
  ]
},
{
  "_id": {
    "$oid": "64e0618069f1242446b98415"
  },
  "packageId": "pk11",
  "packageType": "custom",
  "packageTitle": "Adventure Islands 6",
  "packageCreatedDate": {
    "$date": "2023-08-19T06:30:24.620Z"
  },
  "packageUpdatedDate": {
    "$date": "2023-08-19T06:30:24.620Z"
  },
  "createdUser": "limon",
  "createdUserType": "client",
  "activeStatus": "active",
  "preset": true,
  "presetUsers": [],
  "country": "Pakisthan",
  "activity": "hiking",
  "difficulty": "high",
  "price": 2000,
  "duration": 1,
  "place": "California",
  "travelTime": {
    "$date": "2023-08-20T05:23:56.781Z"
  },
  "previousExperience": true,
  "equipment": [
    "raincoat"
  ],
  "groupSize": 3,
  "travelDescription": "This is travel Description",
  "haveGuiding": true,
  "haveAccomodation": true,
  "haveFood": true,
  "travelImage": "/images/demo3.jpg"
},
{
  "_id": {
    "$oid": "64e0618969f1242446b98417"
  },
  "packageId": "pk12",
  "packageType": "custom",
  "packageTitle": "Adventure Islands 7",
  "packageCreatedDate": {
    "$date": "2023-08-19T06:30:33.503Z"
  },
  "packageUpdatedDate": {
    "$date": "2023-08-19T06:30:33.503Z"
  },
  "createdUser": "limon",
  "createdUserType": "client",
  "activeStatus": "active",
  "preset": true,
  "presetUsers": [],
  "country": "Pakisthan",
  "activity": "hiking",
  "difficulty": "high",
  "price": 2000,
  "duration": 1,
  "place": "California",
  "travelTime": {
    "$date": "2023-08-20T05:23:56.781Z"
  },
  "previousExperience": true,
  "equipment": [
    "raincoat"
  ],
  "groupSize": 3,
  "travelDescription": "This is travel Description",
  "haveGuiding": true,
  "haveAccomodation": true,
  "haveFood": true,
  "travelImage": "/images/demo3.jpg"
},
{
  "_id": {
    "$oid": "64e0619169f1242446b98419"
  },
  "packageId": "pk13",
  "packageType": "custom",
  "packageTitle": "Adventure Islands 8",
  "packageCreatedDate": {
    "$date": "2023-08-19T06:30:41.600Z"
  },
  "packageUpdatedDate": {
    "$date": "2023-08-19T06:30:41.600Z"
  },
  "createdUser": "limon",
  "createdUserType": "client",
  "activeStatus": "active",
  "preset": true,
  "presetUsers": [],
  "country": "Pakisthan",
  "activity": "hiking",
  "difficulty": "high",
  "price": 2000,
  "duration": 1,
  "place": "California",
  "travelTime": {
    "$date": "2023-08-20T05:23:56.781Z"
  },
  "previousExperience": true,
  "equipment": [
    "raincoat"
  ],
  "groupSize": 3,
  "travelDescription": "This is travel Description",
  "haveGuiding": true,
  "haveAccomodation": true,
  "haveFood": true,
  "travelImage": "/images/demo3.jpg"
},
{
  "_id": {
    "$oid": "64e0619869f1242446b9841b"
  },
  "packageId": "pk14",
  "packageType": "custom",
  "packageTitle": "Adventure Islands 9",
  "packageCreatedDate": {
    "$date": "2023-08-19T06:30:48.296Z"
  },
  "packageUpdatedDate": {
    "$date": "2023-08-19T06:30:48.296Z"
  },
  "createdUser": "limon",
  "createdUserType": "client",
  "activeStatus": "active",
  "preset": true,
  "presetUsers": [],
  "country": "Pakisthan",
  "activity": "hiking",
  "difficulty": "high",
  "price": 2000,
  "duration": 1,
  "place": "California",
  "travelTime": {
    "$date": "2023-08-20T05:23:56.781Z"
  },
  "previousExperience": true,
  "equipment": [
    "raincoat"
  ],
  "groupSize": 3,
  "travelDescription": "This is travel Description",
  "haveGuiding": true,
  "haveAccomodation": true,
  "haveFood": true,
  "travelImage": "/images/demo3.jpg"
},
{
  "_id": {
    "$oid": "64e061a169f1242446b9841d"
  },
  "packageId": "pk15",
  "packageType": "custom",
  "packageTitle": "Adventure Islands 10",
  "packageCreatedDate": {
    "$date": "2023-08-19T06:30:57.983Z"
  },
  "packageUpdatedDate": {
    "$date": "2023-08-19T06:30:57.983Z"
  },
  "createdUser": "limon",
  "createdUserType": "client",
  "activeStatus": "active",
  "preset": true,
  "presetUsers": [],
  "country": "Pakisthan",
  "activity": "hiking",
  "difficulty": "high",
  "price": 2000,
  "duration": 1,
  "place": "California",
  "travelTime": {
    "$date": "2023-08-20T05:23:56.781Z"
  },
  "previousExperience": true,
  "equipment": [
    "raincoat"
  ],
  "groupSize": 3,
  "travelDescription": "This is travel Description",
  "haveGuiding": true,
  "haveAccomodation": true,
  "haveFood": true,
  "travelImage": "/images/demo3.jpg"
},
{
  "_id": {
    "$oid": "64e061e769f1242446b9841f"
  },
  "packageId": "pk16",
  "packageType": "custom",
  "packageTitle": "Adventure Islands 11",
  "packageCreatedDate": {
    "$date": "2023-08-19T06:32:07.249Z"
  },
  "packageUpdatedDate": {
    "$date": "2023-08-19T06:32:07.249Z"
  },
  "createdUser": "limon",
  "createdUserType": "client",
  "activeStatus": "active",
  "preset": false,
  "presetUsers": [],
  "country": "China",
  "activity": "hiking",
  "difficulty": "high",
  "price": 1500,
  "duration": 10,
  "place": "California",
  "travelTime": {
    "$date": "2023-08-21T05:23:56.781Z"
  },
  "previousExperience": true,
  "equipment": [
    "raincoat"
  ],
  "groupSize": 3,
  "travelDescription": "This is travel Description",
  "haveGuiding": true,
  "haveAccomodation": true,
  "haveFood": true,
  "travelImage": "/images/demo4.jpg"
},
{
  "_id": {
    "$oid": "64e061ef69f1242446b98421"
  },
  "packageId": "pk17",
  "packageType": "custom",
  "packageTitle": "Adventure Islands 12",
  "packageCreatedDate": {
    "$date": "2023-08-19T06:32:15.635Z"
  },
  "packageUpdatedDate": {
    "$date": "2023-08-19T06:32:15.635Z"
  },
  "createdUser": "limon",
  "createdUserType": "client",
  "activeStatus": "active",
  "preset": false,
  "presetUsers": [],
  "country": "China",
  "activity": "hiking",
  "difficulty": "high",
  "price": 1500,
  "duration": 10,
  "place": "California",
  "travelTime": {
    "$date": "2023-08-21T05:23:56.781Z"
  },
  "previousExperience": true,
  "equipment": [
    "raincoat"
  ],
  "groupSize": 3,
  "travelDescription": "This is travel Description",
  "haveGuiding": true,
  "haveAccomodation": true,
  "haveFood": true,
  "travelImage": "/images/demo4.jpg"
},
{
  "_id": {
    "$oid": "64e061f669f1242446b98423"
  },
  "packageId": "pk18",
  "packageType": "custom",
  "packageTitle": "Adventure Islands 13",
  "packageCreatedDate": {
    "$date": "2023-08-19T06:32:22.246Z"
  },
  "packageUpdatedDate": {
    "$date": "2023-08-19T06:32:22.246Z"
  },
  "createdUser": "limon",
  "createdUserType": "client",
  "activeStatus": "active",
  "preset": false,
  "presetUsers": [],
  "country": "China",
  "activity": "hiking",
  "difficulty": "high",
  "price": 1500,
  "duration": 10,
  "place": "California",
  "travelTime": {
    "$date": "2023-08-21T05:23:56.781Z"
  },
  "previousExperience": true,
  "equipment": [
    "raincoat"
  ],
  "groupSize": 3,
  "travelDescription": "This is travel Description",
  "haveGuiding": true,
  "haveAccomodation": true,
  "haveFood": true,
  "travelImage": "/images/demo4.jpg"
},
{
  "_id": {
    "$oid": "64e0620069f1242446b98425"
  },
  "packageId": "pk19",
  "packageType": "custom",
  "packageTitle": "Adventure Islands 14",
  "packageCreatedDate": {
    "$date": "2023-08-19T06:32:32.173Z"
  },
  "packageUpdatedDate": {
    "$date": "2023-08-19T06:32:32.173Z"
  },
  "createdUser": "limon",
  "createdUserType": "client",
  "activeStatus": "active",
  "preset": false,
  "presetUsers": [],
  "country": "China",
  "activity": "hiking",
  "difficulty": "high",
  "price": 1500,
  "duration": 10,
  "place": "California",
  "travelTime": {
    "$date": "2023-08-21T05:23:56.781Z"
  },
  "previousExperience": true,
  "equipment": [
    "raincoat"
  ],
  "groupSize": 3,
  "travelDescription": "This is travel Description",
  "haveGuiding": true,
  "haveAccomodation": true,
  "haveFood": true,
  "travelImage": "/images/demo4.jpg"
},
{
  "_id": {
    "$oid": "64e0620969f1242446b98427"
  },
  "packageId": "pk20",
  "packageType": "custom",
  "packageTitle": "Adventure Islands 15",
  "packageCreatedDate": {
    "$date": "2023-08-19T06:32:41.317Z"
  },
  "packageUpdatedDate": {
    "$date": "2023-08-19T06:32:41.317Z"
  },
  "createdUser": "limon",
  "createdUserType": "client",
  "activeStatus": "active",
  "preset": false,
  "presetUsers": [],
  "country": "China",
  "activity": "hiking",
  "difficulty": "high",
  "price": 1500,
  "duration": 10,
  "place": "California",
  "travelTime": {
    "$date": "2023-08-21T05:23:56.781Z"
  },
  "previousExperience": true,
  "equipment": [
    "raincoat"
  ],
  "groupSize": 3,
  "travelDescription": "This is travel Description",
  "haveGuiding": true,
  "haveAccomodation": true,
  "haveFood": true,
  "travelImage": "/images/demo4.jpg"
},
{
  "_id": {
    "$oid": "64e0624169f1242446b98429"
  },
  "packageId": "pk21",
  "packageType": "custom",
  "packageTitle": "Adventure Islands 16",
  "packageCreatedDate": {
    "$date": "2023-08-19T06:33:37.165Z"
  },
  "packageUpdatedDate": {
    "$date": "2023-08-19T06:33:37.165Z"
  },
  "createdUser": "limon",
  "createdUserType": "client",
  "activeStatus": "active",
  "preset": false,
  "presetUsers": [],
  "country": "China",
  "activity": "riding",
  "difficulty": "high",
  "price": 1000,
  "duration": 7,
  "place": "California",
  "travelTime": {
    "$date": "2023-08-19T05:23:56.781Z"
  },
  "previousExperience": true,
  "equipment": [
    "raincoat"
  ],
  "groupSize": 3,
  "travelDescription": "This is travel Description",
  "haveGuiding": false,
  "haveAccomodation": false,
  "haveFood": false,
  "travelImage": "/images/demo1.jpg"
},
{
  "_id": {
    "$oid": "64e0624b69f1242446b9842b"
  },
  "packageId": "pk22",
  "packageType": "custom",
  "packageTitle": "Adventure Islands 17",
  "packageCreatedDate": {
    "$date": "2023-08-19T06:33:47.226Z"
  },
  "packageUpdatedDate": {
    "$date": "2023-08-19T06:33:47.226Z"
  },
  "createdUser": "limon",
  "createdUserType": "client",
  "activeStatus": "active",
  "preset": false,
  "presetUsers": [],
  "country": "China",
  "activity": "riding",
  "difficulty": "high",
  "price": 1000,
  "duration": 7,
  "place": "California",
  "travelTime": {
    "$date": "2023-08-19T05:23:56.781Z"
  },
  "previousExperience": true,
  "equipment": [
    "raincoat"
  ],
  "groupSize": 3,
  "travelDescription": "This is travel Description",
  "haveGuiding": false,
  "haveAccomodation": false,
  "haveFood": false,
  "travelImage": "/images/demo1.jpg"
},
{
  "_id": {
    "$oid": "64e0626869f1242446b9842d"
  },
  "packageId": "pk23",
  "packageType": "custom",
  "packageTitle": "Adventure Islands 18",
  "packageCreatedDate": {
    "$date": "2023-08-19T06:34:16.209Z"
  },
  "packageUpdatedDate": {
    "$date": "2023-10-11T17:26:50.324Z"
  },
  "createdUser": "limon",
  "createdUserType": "client",
  "activeStatus": "active",
  "preset": false,
  "presetUsers": [],
  "country": "China",
  "activity": "flying",
  "difficulty": "high",
  "price": 1000,
  "duration": 7,
  "place": "California",
  "travelTime": {
    "$date": "2023-08-19T05:23:56.781Z"
  },
  "previousExperience": true,
  "equipment": [
    "raincoat"
  ],
  "groupSize": 3,
  "travelDescription": "This is travel Description",
  "haveGuiding": false,
  "haveAccomodation": false,
  "haveFood": false,
  "travelImage": [
    "/images/demo8.jpg"
  ],
  "reviews": []
},
{
  "_id": {
    "$oid": "64e0627169f1242446b9842f"
  },
  "packageId": "pk24",
  "packageType": "custom",
  "packageTitle": "Adventure Islands 19",
  "packageCreatedDate": {
    "$date": "2023-08-19T06:34:25.154Z"
  },
  "packageUpdatedDate": {
    "$date": "2023-08-19T06:34:25.154Z"
  },
  "createdUser": "limon",
  "createdUserType": "client",
  "activeStatus": "active",
  "preset": false,
  "presetUsers": [],
  "country": "China",
  "activity": "flying",
  "difficulty": "high",
  "price": 1000,
  "duration": 7,
  "place": "California",
  "travelTime": {
    "$date": "2023-08-19T05:23:56.781Z"
  },
  "previousExperience": true,
  "equipment": [
    "raincoat"
  ],
  "groupSize": 3,
  "travelDescription": "This is travel Description",
  "haveGuiding": false,
  "haveAccomodation": false,
  "haveFood": false,
  "travelImage": "/images/demo1.jpg"
},
{
  "_id": {
    "$oid": "64e062df69f1242446b98431"
  },
  "packageId": "pk25",
  "packageType": "custom",
  "packageTitle": "Adventure Islands 20",
  "packageCreatedDate": {
    "$date": "2023-08-19T06:36:15.450Z"
  },
  "packageUpdatedDate": {
    "$date": "2023-10-11T17:24:23.535Z"
  },
  "createdUser": "limon",
  "createdUserType": "client",
  "activeStatus": "active",
  "preset": false,
  "presetUsers": [],
  "country": "China",
  "activity": "flying",
  "difficulty": "medium",
  "price": 1000,
  "duration": 7,
  "place": "California",
  "travelTime": {
    "$date": "2023-08-19T05:23:56.781Z"
  },
  "previousExperience": true,
  "equipment": [
    "raincoat"
  ],
  "groupSize": 3,
  "travelDescription": "This is travel Description",
  "haveGuiding": false,
  "haveAccomodation": false,
  "haveFood": false,
  "travelImage": [
    "/images/demo4.jpg"
  ],
  "reviews": []
},
{
  "_id": {
    "$oid": "64e062e669f1242446b98433"
  },
  "packageId": "pk26",
  "packageType": "custom",
  "packageTitle": "Adventure Islands 21",
  "packageCreatedDate": {
    "$date": "2023-08-19T06:36:22.522Z"
  },
  "packageUpdatedDate": {
    "$date": "2023-10-11T17:24:09.514Z"
  },
  "createdUser": "limon",
  "createdUserType": "client",
  "activeStatus": "active",
  "preset": false,
  "presetUsers": [],
  "country": "China",
  "activity": "flying",
  "difficulty": "medium",
  "price": 500,
  "duration": 7,
  "place": "California",
  "travelTime": {
    "$date": "2023-08-19T05:23:56.781Z"
  },
  "previousExperience": true,
  "equipment": [
    "raincoat"
  ],
  "groupSize": 3,
  "travelDescription": "This is travel Description",
  "haveGuiding": false,
  "haveAccomodation": false,
  "haveFood": false,
  "travelImage": [
    "/images/demo5.jpg"
  ],
  "reviews": []
},
{
  "_id": {
    "$oid": "64e062f269f1242446b98435"
  },
  "packageId": "pk27",
  "packageType": "custom",
  "packageTitle": "Adventure Islands 22",
  "packageCreatedDate": {
    "$date": "2023-08-19T06:36:34.004Z"
  },
  "packageUpdatedDate": {
    "$date": "2023-10-11T17:23:53.566Z"
  },
  "createdUser": "limon",
  "createdUserType": "client",
  "activeStatus": "active",
  "preset": false,
  "presetUsers": [],
  "country": "China",
  "activity": "flying",
  "difficulty": "medium",
  "price": 500,
  "duration": 7,
  "place": "California",
  "travelTime": {
    "$date": "2023-08-19T05:23:56.781Z"
  },
  "previousExperience": true,
  "equipment": [
    "raincoat"
  ],
  "groupSize": 3,
  "travelDescription": "This is travel Description",
  "haveGuiding": false,
  "haveAccomodation": false,
  "haveFood": false,
  "travelImage": [
    "/images/demo7.jpg"
  ],
  "reviews": []
},
{
  "_id": {
    "$oid": "64e063d669f1242446b98437"
  },
  "packageId": "pk28",
  "packageType": "custom",
  "packageTitle": "Adventure Islands 23",
  "packageCreatedDate": {
    "$date": "2023-08-19T06:40:22.892Z"
  },
  "packageUpdatedDate": {
    "$date": "2023-10-11T17:23:24.145Z"
  },
  "createdUser": "limon",
  "createdUserType": "client",
  "activeStatus": "active",
  "preset": false,
  "presetUsers": [],
  "country": "China",
  "activity": "flying",
  "difficulty": "low",
  "price": 500,
  "duration": 7,
  "place": "California",
  "travelTime": {
    "$date": "2023-08-19T05:23:56.781Z"
  },
  "previousExperience": true,
  "equipment": [
    "raincoat"
  ],
  "groupSize": 3,
  "travelDescription": "This is travel Description",
  "haveGuiding": false,
  "haveAccomodation": false,
  "haveFood": false,
  "travelImage": [
    "/images/demo8.jpg"
  ],
  "reviews": []
},
{
  "_id": {
    "$oid": "64e063de69f1242446b98439"
  },
  "packageId": "pk29",
  "packageType": "custom",
  "packageTitle": "Adventure Islands 24",
  "packageCreatedDate": {
    "$date": "2023-08-19T06:40:30.199Z"
  },
  "packageUpdatedDate": {
    "$date": "2023-10-11T17:23:12.118Z"
  },
  "createdUser": "abdullahlimon",
  "createdUserType": "client",
  "activeStatus": "active",
  "preset": false,
  "presetUsers": [],
  "country": "China",
  "activity": "flying",
  "difficulty": "low",
  "price": 500,
  "duration": 7,
  "place": "California",
  "travelTime": {
    "$date": "2023-08-19T05:23:56.781Z"
  },
  "previousExperience": true,
  "equipment": [
    "raincoat"
  ],
  "groupSize": 3,
  "travelDescription": "This is travel Description",
  "haveGuiding": false,
  "haveAccomodation": false,
  "haveFood": false,
  "travelImage": [
    "/images/demo7.jpg"
  ],
  "reviews": []
},
{
  "_id": {
    "$oid": "64e063fb69f1242446b9843b"
  },
  "packageId": "pk30",
  "packageType": "custom",
  "packageTitle": "Adventure Islands 03",
  "packageCreatedDate": {
    "$date": "2023-08-19T06:40:59.274Z"
  },
  "packageUpdatedDate": {
    "$date": "2023-10-11T17:23:01.179Z"
  },
  "createdUser": "abdullahlimon",
  "createdUserType": "client",
  "activeStatus": "active",
  "preset": false,
  "presetUsers": [],
  "country": "China",
  "activity": "flying",
  "difficulty": "low",
  "price": 500,
  "duration": 7,
  "place": "California",
  "travelTime": {
    "$date": "2023-08-19T05:23:56.781Z"
  },
  "previousExperience": true,
  "equipment": [
    "raincoat"
  ],
  "groupSize": 3,
  "travelDescription": "This is travel Description",
  "haveGuiding": false,
  "haveAccomodation": false,
  "haveFood": false,
  "travelImage": [
    "/images/demo6.jpg"
  ],
  "reviews": []
},
{
  "_id": {
    "$oid": "64ee4222f5cf8630ca2bae8a"
  },
  "packageId": "pk31",
  "packageType": "custom",
  "packageTitle": "Adventure Islands 03",
  "packageCreatedDate": {
    "$date": "2023-08-29T19:08:18.238Z"
  },
  "packageUpdatedDate": {
    "$date": "2023-10-11T17:22:47.724Z"
  },
  "createdUser": "rabeya23",
  "createdUserType": "client",
  "activeStatus": "active",
  "preset": false,
  "presetUsers": [],
  "country": "Afganisthan",
  "activity": "flying",
  "difficulty": "low",
  "price": 3000,
  "duration": 7,
  "place": "California",
  "travelTime": {
    "$date": "2023-08-19T05:23:56.781Z"
  },
  "previousExperience": true,
  "equipment": [
    "raincoat"
  ],
  "groupSize": 3,
  "travelDescription": "This is travel Description",
  "haveGuiding": true,
  "haveAccomodation": true,
  "haveFood": true,
  "travelImage": [
    "/images/demo5.jpg"
  ],
  "reviews": [
    {
      "commentedUser": "limon",
      "reviewStarCount": 5,
      "commentBody": "Very Good Services",
      "createdDate": {
        "$date": "2023-08-08T00:00:00.000Z"
      },
      "activeStatus": false,
      "_id": {
        "$oid": "65029d75ad5ad163d0cd4a9e"
      }
    },
    {
      "commentedUser": "setu",
      "reviewStarCount": 4,
      "commentBody": "Very Good Services",
      "createdDate": {
        "$date": "2023-08-08T00:00:00.000Z"
      },
      "activeStatus": false,
      "_id": {
        "$oid": "65029d75ad5ad163d0cd4a9f"
      }
    },
    {
      "commentedUser": "setu",
      "reviewStarCount": 1,
      "commentBody": "Very Good Services",
      "createdDate": {
        "$date": "2023-08-08T00:00:00.000Z"
      },
      "activeStatus": false,
      "_id": {
        "$oid": "65029d75ad5ad163d0cd4a9f"
      }
    },
    {
      "commentedUser": "setu",
      "reviewStarCount": 5,
      "commentBody": "Very Good Services",
      "createdDate": {
        "$date": "2023-08-08T00:00:00.000Z"
      },
      "activeStatus": false,
      "_id": {
        "$oid": "65029d75ad5ad163d0cd4a9f"
      }
    },
    {
      "commentedUser": "setu",
      "reviewStarCount": 5,
      "commentBody": "Very Good Services",
      "createdDate": {
        "$date": "2023-08-08T00:00:00.000Z"
      },
      "activeStatus": false,
      "_id": {
        "$oid": "65029d75ad5ad163d0cd4a9f"
      }
    }
  ]
},
{
  "_id": {
    "$oid": "64fc376be5bbf59de24c80a9"
  },
  "packageId": "pk333",
  "packageType": "package",
  "packageTitle": "Adventure China",
  "packageCreatedDate": {
    "$date": "2023-09-09T09:14:19.815Z"
  },
  "packageUpdatedDate": {
    "$date": "2023-10-11T17:36:25.680Z"
  },
  "createdUser": "abdullahlimon",
  "createdUserType": "instructor",
  "activeStatus": "active",
  "preset": true,
  "presetUsers": [
    "limon"
  ],
  "country": "Bangladesh",
  "activity": "Riding",
  "difficulty": "medium",
  "price": 2500,
  "duration": 5,
  "place": "China",
  "travelTime": {
    "$date": "2023-09-14T00:00:00.000Z"
  },
  "previousExperience": true,
  "equipment": [
    "box"
  ],
  "groupSize": 10,
  "travelDescription": "This is Description. This is Description. This is Description. This is Description. This is Description. This is Description. This is Description. This is Description. This is Description. This is Description. This is Description. This is Description. This is Description. This is Description. This is Description. This is Description. This is Description. This is Description. This is Description. This is Description. This is Description. This is Description. This is Description. This is Description. This is Description. This is Description. This is Description. This is Description. This is Description. This is Description. This is Description. This is Description. This is Description. This is Description. This is Description. This is Description. This is Description. This is Description. This is Description. This is Description. This is Description. This is Description. This is Description. This is Description. This is Description. This is Description. This is Description. This is Description. This is Description. This is Description. This is Description. This is Description. This is Description. This is Description. This is Description. This is Description. This is Description. This is Description. This is Description. This is Description. This is Description. This is Description. This is Description. This is Description. This is Description. This is Description. This is Description. This is Description. This is Description. This is Description. This is Description. This is Description. This is Description. This is Description. This is Description. This is Description. This is Description. This is Description. This is Description. This is Description. This is Description. This is Description. This is Description. This is Description. This is Description. This is Description. This is Description. This is Description. This is Description. This is Description. This is Description. This is Description. This is Description. This is Description. This is Description. This is Description. This is Description. This is Description. This is Description. This is Description. This is Description. This is Description. This is Description. This is Description. This is Description. This is Description. This is Description. This is Description. This is Description. This is Description. This is Description. This is Description. This is Description. This is Description. This is Description. This is Description. This is Description. This is Description. This is Description. This is Description. This is Description. This is Description. This is Description. This is Description. This is Description. This is Description. This is Description. This is Description. This is Description. This is Description. This is Description. This is Description. This is Description. This is Description. This is Description. This is Description. This is Description. This is Description. This is Description. This is Description. This is Description. This is Description. This is Description. This is Description. This is Description. This is Description. This is Description. This is Description. This is Description. This is Description. This is Description. This is Description. This is Description. This is Description. This is Description. This is Description. This is Description. This is Description. This is Description. This is Description. This is Description. This is Description. This is Description. This is Description. This is Description. This is Description. This is Description. This is Description. This is Description. This is Description. This is Description. This is Description. This is Description. This is Description. This is Description. This is Description. This is Description. This is Description. This is Description. This is Description. This is Description. This is Description. This is Description. This is Description. This is Description. This is Description. This is Description. This is Description. This is Description. This is Description. This is Description. This is Description. This is Description. This is Description. This is Description. This is Description. This is Description. This is Description. This is Description. This is Description. This is Description. This is Description. This is Description. This is Description. This is Description. This is Description. This is Description. This is Description. This is Description. This is Description. This is Description. This is Description. This is Description. This is Description. This is Description. This is Description. This is Description. ",
  "haveGuiding": true,
  "haveAccomodation": true,
  "haveFood": true,
  "travelImage": [
    "/images/demo8.jpg",
    "/images/demo2.jpg"
  ],
  "reviews": [
    {
      "commentedUser": "limon",
      "reviewStarCount": 3,
      "commentBody": "Very Good Services",
      "createdDate": {
        "$date": "2023-08-08T00:00:00.000Z"
      },
      "activeStatus": true,
      "_id": {
        "$oid": "65029d75ad5ad163d0cd4a9e"
      }
    },
    {
      "commentedUser": "setu",
      "reviewStarCount": 1,
      "commentBody": "Very Good Services",
      "createdDate": {
        "$date": "2023-08-08T00:00:00.000Z"
      },
      "activeStatus": true,
      "_id": {
        "$oid": "65029d75ad5ad163d0cd4a9f"
      }
    },
    {
      "commentedUser": "Hello",
      "reviewStarCount": 5,
      "commentBody": "Very Impressive journey it was",
      "createdDate": {
        "$date": "2023-08-08T00:00:00.000Z"
      },
      "activeStatus": true,
      "_id": {
        "$oid": "65029d75ad5ad163d0cd4a9f"
      }
    },
    {
      "commentedUser": "Abdullah Al Amin",
      "reviewStarCount": 3,
      "commentBody": "Enter Comment",
      "createdDate": {
        "$date": "2023-09-16T11:46:43.733Z"
      },
      "activeStatus": false,
      "_id": {
        "$oid": "650595a314d4b579259cfdb2"
      }
    },
    {
      "commentedUser": "fdhdfh",
      "reviewStarCount": 2,
      "commentBody": "fdh",
      "createdDate": {
        "$date": "2023-09-16T11:49:22.611Z"
      },
      "activeStatus": false,
      "_id": {
        "$oid": "650596424077ace89e790923"
      }
    }
  ]
},
{
  "_id": {
    "$oid": "6521130f33869f68c610fd8b"
  },
  "packageId": "pk-20231071133252",
  "packageType": "custom",
  "packageTitle": "Journey Impossible",
  "packageCreatedDate": {
    "$date": "2023-10-07T08:13:03.325Z"
  },
  "packageUpdatedDate": {
    "$date": "2023-10-11T17:22:22.665Z"
  },
  "createdUser": "limon",
  "createdUserType": "client",
  "activeStatus": "active",
  "preset": false,
  "presetUsers": [],
  "country": "Bangladesh",
  "activity": "running",
  "difficulty": "high",
  "price": 2000,
  "duration": 5,
  "place": "Dhaka",
  "travelTime": {
    "$date": "2023-10-08T00:00:00.000Z"
  },
  "previousExperience": true,
  "equipment": [
    "rope",
    "charger"
  ],
  "groupSize": 10,
  "travelDescription": "This is the description",
  "haveGuiding": true,
  "haveAccomodation": true,
  "haveFood": true,
  "travelImage": [
    "/images/demo3.jpg"
  ],
  "reviews": []
},
{
  "_id": {
    "$oid": "652115d033869f68c610fe03"
  },
  "packageId": "pk-202310712448546",
  "packageType": "custom",
  "packageTitle": "Hello",
  "packageCreatedDate": {
    "$date": "2023-10-07T08:24:48.607Z"
  },
  "packageUpdatedDate": {
    "$date": "2023-10-11T17:21:36.743Z"
  },
  "createdUser": "limon",
  "createdUserType": "client",
  "activeStatus": "active",
  "preset": false,
  "presetUsers": [],
  "country": "Singapore",
  "activity": "hiking",
  "difficulty": "high",
  "price": 2000,
  "duration": 5,
  "place": "hongkong",
  "travelTime": {
    "$date": "2023-10-20T00:00:00.000Z"
  },
  "previousExperience": true,
  "equipment": [
    "book"
  ],
  "groupSize": 5,
  "travelDescription": "I like it",
  "haveGuiding": true,
  "haveAccomodation": true,
  "haveFood": true,
  "travelImage": [
    "/images/demo2.jpg"
  ],
  "reviews": []
},
{
  "_id": {
    "$oid": "65217fbb33869f68c610ffcf"
  },
  "packageId": "pk-202310785643550",
  "packageType": "package",
  "packageTitle": "Journey by boat",
  "packageCreatedDate": {
    "$date": "2023-10-07T15:56:43.634Z"
  },
  "packageUpdatedDate": {
    "$date": "2023-10-11T17:22:12.508Z"
  },
  "createdUser": "limon",
  "createdUserType": "instructor",
  "activeStatus": "inactive",
  "preset": false,
  "presetUsers": [],
  "country": "Bangladesh",
  "activity": "swiming",
  "difficulty": "high",
  "price": 3000,
  "duration": 5,
  "place": "Dhaka",
  "travelTime": {
    "$date": "2023-10-21T00:00:00.000Z"
  },
  "previousExperience": true,
  "equipment": [
    "book",
    "charger"
  ],
  "groupSize": 5,
  "travelDescription": "This is description",
  "haveGuiding": true,
  "haveAccomodation": true,
  "haveFood": true,
  "travelImage": [
    "/images/demo1.jpg",
    "/images/demo3.jpg"
  ],
  "reviews": []
},
{
  "_id": {
    "$oid": "65286731693d6461eb6628a2"
  },
  "packageId": "pk-2023101333735719",
  "packageType": "package",
  "packageTitle": "The sundarban",
  "packageCreatedDate": {
    "$date": "2023-10-12T21:37:53.169Z"
  },
  "packageUpdatedDate": {
    "$date": "2023-10-12T21:42:03.220Z"
  },
  "createdUser": "limon",
  "createdUserType": "instructor",
  "activeStatus": "active",
  "preset": false,
  "presetUsers": [],
  "country": "Bangladesh ",
  "activity": "hiking",
  "difficulty": "high",
  "price": 2000,
  "duration": 5,
  "place": "Khulna",
  "travelTime": {
    "$date": "2023-10-28T00:00:00.000Z"
  },
  "previousExperience": true,
  "equipment": [],
  "groupSize": 6,
  "travelDescription": "This is the demo package",
  "haveGuiding": true,
  "haveAccomodation": true,
  "haveFood": true,
  "travelImage": [
    "/images/demo7.jpg"
  ],
  "reviews": []
}]